Processed,Time(h),Time(m),Time(s),Time(ms),Delt,AccX,AccY,AccZ,GyroX,GyroY,GyroZ,MagX,MagY,MagZ,PCTimestamp
14,1,1,1,454,15,-0.00390625,-0.021484375,1.017578125,0.18310546875,-0.1220703125,0.0,-353.7656312740205,21.930175529168814,223.66206165953213,1741601373.4103878
15,1,1,1,469,15,-0.001953125,-0.0244140625,1.0146484375,0.0,0.0,-0.18310546875,-370.23124247117534,17.439554293581136,220.65316873495624,1741601373.4905562
16,1,1,1,484,15,-0.0009765625,-0.03076171875,1.01220703125,0.0,0.0,0.0,-355.2625050192164,24.923923019560604,228.17540104639596,1741601373.4971545
17,1,1,1,499,15,0.00634765625,-0.02783203125,1.017578125,-0.06103515625,-0.06103515625,0.06103515625,-361.24999999999994,39.892660471519534,213.13093642351652,1741601373.5185902
18,1,1,1,514,15,0.0078125,-0.03369140625,1.01806640625,-0.06103515625,-0.244140625,-0.18310546875,-359.7531262548041,27.91767050995239,217.64427581038035,1741601373.5251203
19,1,1,1,529,15,0.01318359375,-0.03271484375,0.99951171875,0.0,0.0,-0.1220703125,-361.24999999999994,26.420796764756492,226.67095458410802,1741601373.5319169
20,1,1,1,544,15,0.02001953125,-0.04248046875,1.01318359375,-0.1220703125,-0.06103515625,-0.06103515625,-364.2437474903918,36.898912981127744,237.20207982012366,1741601373.5392163
21,1,1,1,559,15,0.02099609375,-0.0439453125,1.01123046875,0.0,-0.18310546875,-0.06103515625,-368.7343687259795,21.930175529168814,216.1398293480924,1741601373.5565307
22,1,1,1,574,15,0.01025390625,-0.04638671875,1.021484375,0.18310546875,0.18310546875,-0.06103515625,-361.24999999999994,21.930175529168814,219.1487222726683,1741601373.5630603
23,1,1,1,589,15,0.02197265625,-0.04345703125,1.0146484375,0.0,0.18310546875,0.0,-371.72811621637123,21.930175529168814,226.67095458410802,1741601373.5695262
24,1,1,1,604,15,0.02490234375,-0.0390625,1.015625,0.0,0.0,-0.1220703125,-362.74687374519584,38.395786726323635,225.1665081218201,1741601373.5760007
25,1,1,1,619,15,0.01171875,-0.02490234375,1.029296875,0.0,0.1220703125,-0.06103515625,-374.72186370676303,29.41454425514828,226.67095458410802,1741601373.582512
26,1,1,1,634,15,0.0126953125,-0.0419921875,1.01318359375,-0.06103515625,0.0,0.0,-362.74687374519584,30.911418000344167,220.65316873495624,1741601373.5889912
27,1,1,1,649,15,0.005859375,-0.02734375,1.01416015625,0.0,0.06103515625,-0.06103515625,-373.22498996156713,17.439554293581136,207.11315057436474,1741601373.5961752
28,1,1,1,664,15,0.009765625,-0.0361328125,1.03466796875,0.06103515625,0.06103515625,-0.06103515625,-368.7343687259795,26.420796764756492,229.67984750868393,1741601373.6083944
29,1,1,1,679,15,0.0078125,-0.03564453125,1.02685546875,-0.06103515625,-0.06103515625,0.0,-356.7593787644123,21.930175529168814,226.67095458410802,1741601373.6149466
30,1,1,1,694,15,-0.00390625,-0.0361328125,1.01513671875,0.0,-0.1220703125,0.0,-370.23124247117534,45.8801554523031,225.1665081218201,1741601373.6214173
31,1,1,1,709,15,0.00439453125,-0.0283203125,1.01123046875,0.1220703125,0.0,0.1220703125,-374.72186370676303,29.41454425514828,223.66206165953213,1741601373.6279204
32,1,1,1,724,15,0.001953125,-0.02001953125,1.0263671875,0.0,0.0,0.0,-368.7343687259795,18.936428038777038,216.1398293480924,1741601373.6344123
33,1,1,1,739,15,0.00732421875,-0.044921875,1.0185546875,0.0,-0.06103515625,0.0,-356.7593787644123,11.452059312797573,208.61759703665268,1741601373.6408694
34,1,1,1,754,15,0.0078125,-0.03076171875,1.01171875,0.0,-0.06103515625,0.0,-362.74687374519584,45.8801554523031,217.64427581038035,1741601373.6473613
35,1,1,1,769,15,0.00048828125,-0.0390625,1.0244140625,0.0,-0.244140625,-0.1220703125,-361.24999999999994,26.420796764756492,229.67984750868393,1741601373.8143713
36,1,1,1,784,15,0.01318359375,-0.03955078125,1.0146484375,0.06103515625,-0.06103515625,-0.06103515625,-371.72811621637123,21.930175529168814,208.61759703665268,1741601373.8918397
37,1,1,1,799,15,0.01953125,-0.0283203125,1.0146484375,-0.06103515625,-0.1220703125,0.06103515625,-362.74687374519584,20.433301783972926,228.17540104639596,1741601373.89849
38,1,1,1,814,15,0.01708984375,-0.037109375,1.0185546875,-0.06103515625,0.0,0.0,-362.74687374519584,24.923923019560604,228.17540104639596,1741601373.9054005
39,1,1,1,829,15,0.01416015625,-0.03759765625,1.01416015625,0.0,-0.1220703125,-0.06103515625,-362.74687374519584,17.439554293581136,231.18429397097185,1741601373.9118814
40,1,1,1,844,15,0.0205078125,-0.03759765625,1.01708984375,0.0,0.0,0.1220703125,-370.23124247117534,30.911418000344167,220.65316873495624,1741601373.9184282
41,1,1,1,859,15,0.02001953125,-0.0400390625,1.015625,0.1220703125,0.0,0.0,-355.2625050192164,30.911418000344167,231.18429397097185,1741601373.9251127
42,1,1,1,874,15,0.01220703125,-0.037109375,1.02490234375,0.0,0.06103515625,0.0,-364.2437474903918,21.930175529168814,232.6887404332598,1741601373.9316459
43,1,1,1,889,15,0.00927734375,-0.037109375,1.01220703125,0.06103515625,0.06103515625,-0.06103515625,-356.7593787644123,11.452059312797573,208.61759703665268,1741601373.938146
44,1,1,1,904,15,0.01025390625,-0.03466796875,1.029296875,0.0,0.1220703125,-0.18310546875,-364.2437474903918,21.930175529168814,223.66206165953213,1741601373.9446542
45,1,1,1,919,15,0.01171875,-0.033203125,1.02490234375,0.06103515625,0.06103515625,-0.06103515625,-368.7343687259795,26.420796764756492,223.66206165953213,1741601373.951117
46,1,1,1,934,15,0.00830078125,-0.029296875,1.00830078125,0.0,0.06103515625,0.06103515625,-368.7343687259795,21.930175529168814,229.67984750868393,1741601373.957608
47,1,1,1,949,15,0.00390625,-0.02978515625,1.02099609375,0.1220703125,-0.1220703125,-0.06103515625,-359.7531262548041,20.433301783972926,220.65316873495624,1741601373.9641106
48,1,1,1,964,15,0.0009765625,-0.0361328125,1.02978515625,-0.1220703125,-0.06103515625,0.0,-370.23124247117534,24.923923019560604,225.1665081218201,1741601373.9705849
49,1,1,1,979,15,0.0087890625,-0.029296875,1.013671875,0.0,0.0,-0.18310546875,-356.7593787644123,29.41454425514828,226.67095458410802,1741601373.977068
50,1,1,1,994,15,0.0087890625,-0.0341796875,1.0244140625,0.0,0.0,0.0,-373.22498996156713,24.923923019560604,225.1665081218201,1741601373.9932451
51,1,1,2,9,15,0.0126953125,-0.02734375,1.0224609375,-0.06103515625,-0.06103515625,-0.18310546875,-362.74687374519584,20.433301783972926,220.65316873495624,1741601374.0022058
52,1,1,2,24,15,0.0068359375,-0.0478515625,1.01025390625,-0.1220703125,-0.244140625,0.0,-368.7343687259795,18.936428038777038,226.67095458410802,1741601374.0195093
53,1,1,2,39,15,0.0126953125,-0.04443359375,1.029296875,0.0,0.0,0.0,-383.70310617793837,20.433301783972926,231.18429397097185,1741601374.0260777
54,1,1,2,54,15,0.01708984375,-0.04150390625,1.029296875,0.06103515625,-0.18310546875,0.0,-353.7656312740205,29.41454425514828,219.1487222726683,1741601374.0325809
55,1,1,2,69,15,0.02490234375,-0.03662109375,1.02783203125,0.18310546875,0.0,-0.06103515625,-359.7531262548041,24.923923019560604,228.17540104639596,1741601374.0392308
56,1,1,2,84,15,0.0185546875,-0.04541015625,1.02392578125,0.06103515625,-0.06103515625,-0.1220703125,-364.2437474903918,29.41454425514828,216.1398293480924,1741601374.0458448
57,1,1,2,99,15,0.009765625,-0.03515625,1.021484375,0.06103515625,0.0,0.06103515625,-364.2437474903918,29.41454425514828,216.1398293480924,1741601374.0523133
58,1,1,2,114,15,0.0107421875,-0.041015625,1.02392578125,0.0,-0.06103515625,0.06103515625,-365.7406212355877,24.923923019560604,231.18429397097185,1741601374.0588372
59,1,1,2,129,15,0.009765625,-0.02783203125,1.02294921875,0.1220703125,0.0,-0.1220703125,-353.7656312740205,15.94268054838525,219.1487222726683,1741601374.065343
60,1,1,2,144,15,0.00146484375,-0.02978515625,1.0302734375,0.18310546875,0.0,-0.18310546875,-362.74687374519584,24.923923019560604,228.17540104639596,1741601374.0718267
61,1,1,2,159,15,0.0029296875,-0.03369140625,1.01904296875,0.0,0.06103515625,-0.06103515625,-364.2437474903918,29.41454425514828,226.67095458410802,1741601374.07835
62,1,1,2,174,15,0.0029296875,-0.0400390625,1.01806640625,-0.18310546875,0.0,0.06103515625,-373.22498996156713,9.95518556760167,228.17540104639596,1741601374.0902889
63,1,1,2,189,15,0.0126953125,-0.04150390625,1.03271484375,0.0,0.06103515625,0.06103515625,-370.23124247117534,17.439554293581136,228.17540104639596,1741601374.0968325
64,1,1,2,204,15,0.0205078125,-0.03271484375,1.02099609375,0.06103515625,0.0,0.1220703125,-365.7406212355877,24.923923019560604,217.64427581038035,1741601374.1394663
65,1,1,2,219,15,0.01513671875,-0.0263671875,1.01708984375,0.0,0.0,0.1220703125,-368.7343687259795,36.898912981127744,216.1398293480924,1741601374.2086399
66,1,1,2,234,15,0.01220703125,-0.0361328125,1.01708984375,0.244140625,-0.18310546875,0.0,-356.7593787644123,29.41454425514828,226.67095458410802,1741601374.215331
67,1,1,2,249,15,0.01123046875,-0.0380859375,1.029296875,0.0,0.0,0.0,-359.7531262548041,30.911418000344167,228.17540104639596,1741601374.221822
68,1,1,2,264,15,0.01611328125,-0.03759765625,1.01708984375,0.06103515625,-0.06103515625,0.0,-361.24999999999994,29.41454425514828,219.1487222726683,1741601374.2283413
69,1,1,2,279,15,0.01025390625,-0.04248046875,1.03076171875,-0.18310546875,0.0,0.0,-374.72186370676303,15.94268054838525,223.66206165953213,1741601374.2399888
70,1,1,2,294,15,0.01220703125,-0.0390625,1.0234375,0.06103515625,-0.06103515625,0.0,-371.72811621637123,29.41454425514828,229.67984750868393,1741601374.2465177
71,1,1,2,309,15,0.01416015625,-0.0361328125,1.0234375,0.06103515625,-0.244140625,-0.18310546875,-370.23124247117534,17.439554293581136,231.18429397097185,1741601374.2530441
72,1,1,2,324,15,0.02099609375,-0.0283203125,1.02001953125,0.1220703125,0.0,-0.1220703125,-364.2437474903918,33.90516549073595,213.13093642351652,1741601374.2597983
73,1,1,2,339,15,0.009765625,-0.0341796875,1.00537109375,0.06103515625,0.0,0.1220703125,-365.7406212355877,14.445806803189347,220.65316873495624,1741601374.2663054
74,1,1,2,354,15,0.005859375,-0.041015625,1.03076171875,0.0,0.0,-0.06103515625,-362.74687374519584,9.95518556760167,225.1665081218201,1741601374.2728276
75,1,1,2,369,15,0.00341796875,-0.037109375,1.01220703125,0.0,0.0,0.06103515625,-362.74687374519584,35.40203923593186,217.64427581038035,1741601374.2793136
76,1,1,2,384,15,0.001953125,-0.0302734375,1.0107421875,0.0,-0.06103515625,0.0,-365.7406212355877,14.445806803189347,220.65316873495624,1741601374.2858264
77,1,1,2,399,15,0.0,-0.029296875,1.02294921875,0.0,0.0,0.0,-365.7406212355877,38.395786726323635,214.63538288580446,1741601374.2923074
78,1,1,2,414,15,0.0126953125,-0.02880859375,1.0234375,0.1220703125,0.0,0.06103515625,-356.7593787644123,18.936428038777038,216.1398293480924,1741601374.304343
79,1,1,2,429,15,0.00732421875,-0.03125,1.01513671875,0.0,-0.06103515625,-0.06103515625,-355.2625050192164,30.911418000344167,231.18429397097185,1741601374.3125787
80,1,1,2,444,15,0.00830078125,-0.037109375,1.02880859375,0.0,-0.06103515625,0.0,-368.7343687259795,26.420796764756492,216.1398293480924,1741601374.319109
81,1,1,2,459,15,0.01806640625,-0.03662109375,1.0302734375,0.0,0.0,0.1220703125,-365.7406212355877,14.445806803189347,225.1665081218201,1741601374.3256464
82,1,1,2,474,15,0.0126953125,-0.03759765625,1.0244140625,0.06103515625,0.0,-0.06103515625,-361.24999999999994,29.41454425514828,223.66206165953213,1741601374.3321404
83,1,1,2,489,15,0.01318359375,-0.03955078125,1.02734375,-0.1220703125,-0.06103515625,-0.1220703125,-368.7343687259795,11.452059312797573,223.66206165953213,1741601374.3386817
84,1,1,2,504,15,0.01953125,-0.03564453125,1.03173828125,0.0,-0.244140625,0.06103515625,-361.24999999999994,39.892660471519534,216.1398293480924,1741601374.3453221
85,1,1,2,519,15,0.01513671875,-0.03662109375,1.01708984375,0.0,-0.06103515625,0.0,-364.2437474903918,29.41454425514828,226.67095458410802,1741601374.3518198
86,1,1,2,534,15,0.013671875,-0.0341796875,1.03369140625,0.0,0.0,0.0,-370.23124247117534,20.433301783972926,214.63538288580446,1741601374.4141574
87,1,1,2,549,15,0.01220703125,-0.0419921875,1.01513671875,0.0,-0.06103515625,0.0,-361.24999999999994,26.420796764756492,229.67984750868393,1741601374.4206696
88,1,1,2,564,15,0.01611328125,-0.03857421875,1.021484375,0.18310546875,0.0,0.0,-371.72811621637123,26.420796764756492,219.1487222726683,1741601374.427191
89,1,1,2,579,15,0.0048828125,-0.037109375,1.01123046875,0.0,0.0,0.0,-364.2437474903918,33.90516549073595,223.66206165953213,1741601374.4336834
90,1,1,2,594,15,0.0087890625,-0.03271484375,1.01708984375,0.0,-0.06103515625,-0.1220703125,-364.2437474903918,18.936428038777038,213.13093642351652,1741601374.4401515
91,1,1,2,609,15,0.0078125,-0.03173828125,1.01806640625,0.06103515625,0.244140625,-0.18310546875,-373.22498996156713,24.923923019560604,220.65316873495624,1741601374.44666
92,1,1,2,624,15,0.00732421875,-0.03466796875,1.02392578125,0.0,0.18310546875,-0.06103515625,-370.23124247117534,35.40203923593186,220.65316873495624,1741601374.4531982
93,1,1,2,639,15,0.0107421875,-0.03173828125,1.02001953125,0.18310546875,0.0,-0.06103515625,-356.7593787644123,26.420796764756492,226.67095458410802,1741601374.4596832
94,1,1,2,654,15,0.00634765625,-0.04052734375,1.01123046875,0.0,0.0,-0.18310546875,-371.72811621637123,26.420796764756492,226.67095458410802,1741601374.4713633
95,1,1,2,669,15,0.01708984375,-0.03369140625,1.02734375,0.0,-0.06103515625,0.0,-359.7531262548041,14.445806803189347,214.63538288580446,1741601374.477892
96,1,1,2,684,15,0.0078125,-0.03662109375,1.02392578125,0.0,-0.06103515625,0.1220703125,-362.74687374519584,30.911418000344167,228.17540104639596,1741601374.4844632
97,1,1,2,699,15,0.0166015625,-0.04052734375,1.013671875,0.06103515625,0.0,-0.1220703125,-374.72186370676303,29.41454425514828,219.1487222726683,1741601374.490931
98,1,1,2,714,15,0.01806640625,-0.0341796875,1.01318359375,0.0,0.0,0.0,-373.22498996156713,30.911418000344167,220.65316873495624,1741601374.497425
99,1,1,2,729,15,0.01513671875,-0.033203125,1.02099609375,0.0,0.0,0.0,-359.7531262548041,27.91767050995239,214.63538288580446,1741601374.543248
100,1,1,2,744,15,0.01123046875,-0.0380859375,1.0224609375,0.1220703125,0.0,-0.06103515625,-365.7406212355877,27.91767050995239,217.64427581038035,1741601374.549765
101,1,1,2,759,15,0.0107421875,-0.041015625,1.025390625,0.0,0.0,-0.06103515625,-370.23124247117534,30.911418000344167,225.1665081218201,1741601374.5563502
102,1,1,2,774,15,0.01171875,-0.03857421875,1.02490234375,0.06103515625,0.0,-0.18310546875,-356.7593787644123,15.94268054838525,223.66206165953213,1741601374.5993662
103,1,1,2,789,15,0.01904296875,-0.03955078125,1.00341796875,0.0,0.1220703125,0.0,-373.22498996156713,20.433301783972926,225.1665081218201,1741601374.6062229
104,1,1,2,804,15,0.01220703125,-0.04248046875,1.025390625,0.1220703125,0.0,0.06103515625,-361.24999999999994,33.90516549073595,223.66206165953213,1741601374.612728
105,1,1,2,819,15,0.01953125,-0.03076171875,1.0224609375,0.0,0.0,0.0,-359.7531262548041,35.40203923593186,217.64427581038035,1741601374.6388018
106,1,1,2,834,15,0.01171875,-0.037109375,1.0185546875,0.06103515625,-0.06103515625,0.06103515625,-356.7593787644123,26.420796764756492,226.67095458410802,1741601374.6704395
107,1,1,2,849,15,0.00537109375,-0.0263671875,1.02734375,0.0,-0.1220703125,0.0,-361.24999999999994,26.420796764756492,223.66206165953213,1741601374.676994
108,1,1,2,864,15,0.013671875,-0.03076171875,1.02734375,0.0,0.0,-0.06103515625,-368.7343687259795,18.936428038777038,219.1487222726683,1741601374.6834843
109,1,1,2,879,15,0.0146484375,-0.03369140625,1.02001953125,0.0,-0.1220703125,0.06103515625,-355.2625050192164,27.91767050995239,217.64427581038035,1741601374.6899574
110,1,1,2,894,15,0.01611328125,-0.03759765625,1.02001953125,0.0,0.06103515625,-0.18310546875,-368.7343687259795,39.892660471519534,229.67984750868393,1741601374.6964943
111,1,1,2,909,15,0.00927734375,-0.03857421875,1.0126953125,0.06103515625,0.06103515625,-0.06103515625,-368.7343687259795,33.90516549073595,237.20207982012366,1741601374.7030058
112,1,1,2,924,15,0.01611328125,-0.0361328125,1.0224609375,0.0,0.0,0.06103515625,-370.23124247117534,30.911418000344167,228.17540104639596,1741601374.709726
113,1,1,2,939,15,0.01025390625,-0.04345703125,1.029296875,-0.06103515625,0.0,-0.06103515625,-365.7406212355877,17.439554293581136,228.17540104639596,1741601374.716258
114,1,1,2,954,15,0.01318359375,-0.03369140625,1.0234375,-0.06103515625,0.0,-0.06103515625,-352.2687575288246,27.91767050995239,214.63538288580446,1741601374.7227578
115,1,1,2,969,15,0.01123046875,-0.0302734375,1.01611328125,0.0,-0.1220703125,0.0,-362.74687374519584,35.40203923593186,225.1665081218201,1741601374.729223
116,1,1,2,984,15,0.0107421875,-0.033203125,1.02294921875,0.0,-0.18310546875,0.18310546875,-371.72811621637123,21.930175529168814,216.1398293480924,1741601374.7608812
117,1,1,2,999,15,0.005859375,-0.029296875,1.03369140625,0.0,0.1220703125,0.06103515625,-377.71561119715483,17.439554293581136,214.63538288580446,1741601374.7957368
118,1,1,3,14,15,0.0,-0.04052734375,1.01806640625,0.0,0.06103515625,0.0,-370.23124247117534,27.91767050995239,217.64427581038035,1741601374.8022065
119,1,1,3,29,15,0.0126953125,-0.03857421875,1.013671875,0.0,0.0,0.06103515625,-353.7656312740205,26.420796764756492,213.13093642351652,1741601374.8089552
120,1,1,3,44,15,0.0,-0.029296875,1.02587890625,0.0,0.0,0.06103515625,-343.2875150576493,26.420796764756492,223.66206165953213,1741601374.8154662
121,1,1,3,59,15,0.013671875,-0.04638671875,1.033203125,0.0,0.06103515625,0.0,-355.2625050192164,27.91767050995239,214.63538288580446,1741601374.8219328
122,1,1,3,74,15,0.0107421875,-0.03271484375,1.025390625,0.0,0.0,0.0,-368.7343687259795,36.898912981127744,229.67984750868393,1741601374.8284392
123,1,1,3,89,15,0.0263671875,-0.0341796875,1.017578125,0.18310546875,-0.06103515625,0.0,-368.7343687259795,29.41454425514828,229.67984750868393,1741601374.8709698
124,1,1,3,104,15,-0.0009765625,-0.03125,1.021484375,-0.06103515625,0.1220703125,0.06103515625,-359.7531262548041,27.91767050995239,225.1665081218201,1741601374.8775141
125,1,1,3,119,15,0.00927734375,-0.03564453125,1.0078125,0.06103515625,0.0,-0.1220703125,-370.23124247117534,24.923923019560604,225.1665081218201,1741601374.894204
126,1,1,3,134,15,0.009765625,-0.03125,1.0263671875,0.0,0.0,0.0,-362.74687374519584,17.439554293581136,220.65316873495624,1741601374.9237058
127,1,1,3,149,15,0.00341796875,-0.03564453125,1.02880859375,0.0,0.1220703125,0.0,-359.7531262548041,27.91767050995239,220.65316873495624,1741601374.9302075
128,1,1,3,164,15,0.01123046875,-0.03271484375,1.0244140625,-0.1220703125,-0.06103515625,-0.06103515625,-355.2625050192164,35.40203923593186,217.64427581038035,1741601374.9367313
129,1,1,3,179,15,0.01611328125,-0.04248046875,1.01611328125,0.0,-0.06103515625,-0.06103515625,-352.2687575288246,24.923923019560604,220.65316873495624,1741601374.9432423
130,1,1,3,194,15,0.02294921875,-0.04345703125,1.02392578125,0.0,0.0,0.0,-362.74687374519584,35.40203923593186,225.1665081218201,1741601375.3950381
131,1,1,3,209,15,0.029296875,-0.03564453125,1.02978515625,0.244140625,-0.1220703125,0.0,-374.72186370676303,21.930175529168814,216.1398293480924,1741601375.4015849
132,1,1,3,224,15,0.02197265625,-0.0439453125,1.021484375,0.0,0.0,0.0,-370.23124247117534,30.911418000344167,214.63538288580446,1741601375.4082983
133,1,1,3,239,15,0.0166015625,-0.041015625,1.015625,0.1220703125,0.06103515625,0.06103515625,-353.7656312740205,21.930175529168814,208.61759703665268,1741601375.4148586
134,1,1,3,254,15,0.0244140625,-0.03564453125,1.0263671875,0.06103515625,0.1220703125,0.0,-362.74687374519584,17.439554293581136,225.1665081218201,1741601375.4213655
135,1,1,3,269,15,0.00634765625,-0.03173828125,1.03076171875,0.06103515625,0.244140625,-0.06103515625,-359.7531262548041,30.911418000344167,210.12204349894063,1741601375.4278932
136,1,1,3,284,15,0.0029296875,-0.0302734375,1.02099609375,0.0,0.1220703125,-0.06103515625,-355.2625050192164,24.923923019560604,214.63538288580446,1741601375.4344075
137,1,1,3,299,15,0.0078125,-0.0244140625,1.01220703125,0.1220703125,0.1220703125,0.0,-359.7531262548041,30.911418000344167,238.7065262824116,1741601375.4409165
138,1,1,3,314,15,0.00439453125,-0.02490234375,1.009765625,0.0,-0.1220703125,0.0,-361.24999999999994,18.936428038777038,219.1487222726683,1741601375.4474273
139,1,1,3,329,15,-0.00244140625,-0.01318359375,1.01953125,-0.1220703125,-0.06103515625,0.0,-370.23124247117534,24.923923019560604,220.65316873495624,1741601375.453946
140,1,1,3,344,15,0.00439453125,-0.0263671875,1.02001953125,0.1220703125,-0.06103515625,0.06103515625,-370.23124247117534,24.923923019560604,225.1665081218201,1741601375.4604423
141,1,1,3,359,15,0.0009765625,-0.0302734375,1.0087890625,-0.1220703125,-0.06103515625,0.06103515625,-370.23124247117534,17.439554293581136,214.63538288580446,1741601375.466962
142,1,1,3,374,15,0.00390625,-0.03271484375,1.0185546875,0.06103515625,-0.18310546875,0.1220703125,-379.2124849423507,15.94268054838525,232.6887404332598,1741601375.4734716
143,1,1,3,389,15,0.01708984375,-0.03125,1.0234375,-0.06103515625,0.0,-0.06103515625,-377.71561119715483,17.439554293581136,225.1665081218201,1741601375.4799545
144,1,1,3,404,15,0.0185546875,-0.03662109375,1.02685546875,0.0,0.0,-0.1220703125,-364.2437474903918,26.420796764756492,223.66206165953213,1741601375.4864616
145,1,1,3,419,15,0.025390625,-0.04052734375,1.009765625,0.0,0.0,0.0,-368.7343687259795,29.41454425514828,219.1487222726683,1741601375.4929564
146,1,1,3,434,15,0.029296875,-0.03857421875,1.01123046875,-0.1220703125,-0.06103515625,-0.06103515625,-371.72811621637123,33.90516549073595,216.1398293480924,1741601375.4995697
147,1,1,3,449,15,0.02294921875,-0.04443359375,1.009765625,0.0,0.0,-0.1220703125,-361.24999999999994,26.420796764756492,226.67095458410802,1741601375.5063925
148,1,1,3,464,15,0.01708984375,-0.0380859375,1.0205078125,0.0,0.06103515625,-0.06103515625,-380.70935868754657,38.395786726323635,231.18429397097185,1741601375.5130239
149,1,1,3,479,15,0.02734375,-0.03271484375,1.0244140625,0.06103515625,0.1220703125,-0.18310546875,-362.74687374519584,35.40203923593186,214.63538288580446,1741601375.519531
150,1,1,3,494,15,0.0185546875,-0.037109375,1.03125,0.0,0.0,0.0,-370.23124247117534,42.886407961911324,220.65316873495624,1741601375.5260568
151,1,1,3,509,15,-0.00439453125,-0.03662109375,1.01416015625,-0.06103515625,0.244140625,0.0,-362.74687374519584,27.91767050995239,228.17540104639596,1741601375.5325642
152,1,1,3,524,15,-0.00341796875,-0.03662109375,1.033203125,0.0,0.1220703125,-0.244140625,-371.72811621637123,26.420796764756492,213.13093642351652,1741601375.5390728
153,1,1,3,539,15,0.00048828125,-0.02734375,1.01953125,0.0,0.0,0.06103515625,-359.7531262548041,27.91767050995239,207.11315057436474,1741601375.5456014
154,1,1,3,554,15,0.00927734375,-0.03125,1.03271484375,0.0,0.1220703125,0.0,-365.7406212355877,20.433301783972926,235.6976333578357,1741601375.5520737
155,1,1,3,569,15,0.00927734375,-0.02734375,1.01806640625,0.0,-0.1220703125,0.0,-371.72811621637123,21.930175529168814,229.67984750868393,1741601375.5674984
156,1,1,3,584,15,0.01904296875,-0.0341796875,1.0322265625,-0.1220703125,-0.18310546875,-0.18310546875,-371.72811621637123,18.936428038777038,229.67984750868393,1741601375.574081
157,1,1,3,599,15,0.01025390625,-0.02587890625,1.01953125,0.0,0.0,0.1220703125,-373.22498996156713,30.911418000344167,217.64427581038035,1741601375.5805643
158,1,1,3,614,15,0.00634765625,-0.03857421875,1.03173828125,0.06103515625,-0.06103515625,0.0,-361.24999999999994,18.936428038777038,208.61759703665268,1741601375.5870795
159,1,1,3,629,15,0.013671875,-0.03857421875,1.03857421875,0.0,0.0,0.1220703125,-355.2625050192164,20.433301783972926,220.65316873495624,1741601375.5935853
160,1,1,3,644,15,0.01513671875,-0.03466796875,1.02099609375,0.0,-0.06103515625,0.0,-365.7406212355877,27.91767050995239,210.12204349894063,1741601375.600063
161,1,1,3,659,15,0.0166015625,-0.0341796875,1.0283203125,0.06103515625,0.0,0.06103515625,-365.7406212355877,14.445806803189347,225.1665081218201,1741601375.6066422
162,1,1,3,674,15,0.01318359375,-0.03173828125,1.025390625,0.0,-0.06103515625,0.0,-355.2625050192164,17.439554293581136,225.1665081218201,1741601375.6131878
163,1,1,3,689,15,0.00927734375,-0.03955078125,1.02734375,0.0,0.06103515625,0.0,-364.2437474903918,18.936428038777038,226.67095458410802,1741601376.16108
164,1,1,3,704,15,0.01806640625,-0.03759765625,1.01318359375,-0.06103515625,0.0,-0.06103515625,-356.7593787644123,18.936428038777038,229.67984750868393,1741601376.1676993
165,1,1,3,719,15,0.0078125,-0.029296875,1.0341796875,0.0,-0.06103515625,0.0,-356.7593787644123,29.41454425514828,213.13093642351652,1741601376.1742213
166,1,1,3,734,15,-0.001953125,-0.01953125,1.0185546875,0.0,0.1220703125,-0.1220703125,-362.74687374519584,30.911418000344167,225.1665081218201,1741601376.1806853
167,1,1,3,749,15,-0.00732421875,-0.037109375,1.025390625,-0.06103515625,-0.06103515625,0.0,-361.24999999999994,21.930175529168814,232.6887404332598,1741601376.1871831
168,1,1,3,764,15,0.02197265625,-0.02734375,1.01708984375,0.0,0.0,0.0,-355.2625050192164,27.91767050995239,225.1665081218201,1741601376.2203536
169,1,1,3,779,15,0.01171875,-0.03955078125,1.0205078125,0.0,0.1220703125,0.0,-361.24999999999994,29.41454425514828,219.1487222726683,1741601376.226885
170,1,1,3,794,15,0.00439453125,-0.0390625,1.02099609375,0.0,0.06103515625,-0.1220703125,-355.2625050192164,20.433301783972926,220.65316873495624,1741601376.2337437
171,1,1,3,809,15,0.00390625,-0.03271484375,1.00830078125,0.06103515625,0.0,0.0,-356.7593787644123,44.38328170710721,213.13093642351652,1741601376.2973192
172,1,1,3,824,15,0.0068359375,-0.02880859375,1.0107421875,0.0,0.0,-0.18310546875,-359.7531262548041,35.40203923593186,225.1665081218201,1741601376.30385
173,1,1,3,839,15,0.01318359375,-0.04248046875,1.02294921875,0.0,-0.06103515625,-0.244140625,-361.24999999999994,26.420796764756492,216.1398293480924,1741601376.3104694
174,1,1,3,854,15,0.0205078125,-0.03369140625,1.03076171875,-0.06103515625,-0.06103515625,-0.06103515625,-370.23124247117534,35.40203923593186,225.1665081218201,1741601376.316985
175,1,1,3,869,15,0.0234375,-0.0341796875,1.01611328125,0.0,0.0,-0.1220703125,-377.71561119715483,30.911418000344167,217.64427581038035,1741601376.3234727
176,1,1,3,884,15,0.02001953125,-0.04296875,1.01953125,0.0,0.06103515625,0.18310546875,-361.24999999999994,33.90516549073595,223.66206165953213,1741601376.3299162
177,1,1,3,899,15,0.02099609375,-0.0361328125,1.0361328125,0.1220703125,0.0,-0.1220703125,-365.7406212355877,24.923923019560604,225.1665081218201,1741601376.3364067
178,1,1,3,914,15,0.00732421875,-0.02783203125,1.0244140625,0.0,0.0,0.0,-373.22498996156713,27.91767050995239,228.17540104639596,1741601376.342878
179,1,1,3,929,15,0.00537109375,-0.025390625,1.0205078125,0.0,0.0,-0.1220703125,-368.7343687259795,26.420796764756492,223.66206165953213,1741601376.3493402
180,1,1,3,944,15,0.0009765625,-0.041015625,1.02197265625,-0.18310546875,-0.1220703125,-0.06103515625,-362.74687374519584,27.91767050995239,210.12204349894063,1741601376.3561552
181,1,1,3,959,15,0.00341796875,-0.0361328125,1.0185546875,0.0,-0.1220703125,0.0,-355.2625050192164,24.923923019560604,228.17540104639596,1741601376.362648
182,1,1,3,974,15,0.0068359375,-0.029296875,1.0185546875,0.0,0.0,0.06103515625,-361.24999999999994,29.41454425514828,223.66206165953213,1741601376.3691044
183,1,1,3,989,15,0.0107421875,-0.03125,1.01318359375,0.06103515625,0.06103515625,0.0,-361.24999999999994,26.420796764756492,219.1487222726683,1741601376.375601
184,1,1,4,4,15,0.01123046875,-0.03564453125,1.01416015625,0.0,-0.1220703125,-0.06103515625,-362.74687374519584,17.439554293581136,217.64427581038035,1741601376.3820665
185,1,1,4,19,15,0.01220703125,-0.03076171875,1.0146484375,0.0,0.0,0.0,-361.24999999999994,33.90516549073595,213.13093642351652,1741601376.388546
186,1,1,4,34,15,0.02099609375,-0.0234375,1.0205078125,0.06103515625,-0.06103515625,-0.06103515625,-362.74687374519584,6.961438077209882,228.17540104639596,1741601376.395042
187,1,1,4,49,15,0.0126953125,-0.03759765625,1.01416015625,0.0,-0.244140625,0.06103515625,-355.2625050192164,14.445806803189347,231.18429397097185,1741601376.4238846
188,1,1,4,64,15,0.0146484375,-0.02978515625,1.00146484375,0.0,0.0,0.0,-364.2437474903918,39.892660471519534,219.1487222726683,1741601376.4303596
189,1,1,4,79,15,0.0166015625,-0.03271484375,1.01806640625,0.0,0.0,0.0,-361.24999999999994,18.936428038777038,229.67984750868393,1741601376.436853
190,1,1,4,94,15,0.0185546875,-0.03466796875,1.0302734375,-0.1220703125,-0.1220703125,-0.1220703125,-371.72811621637123,29.41454425514828,229.67984750868393,1741601376.44342
191,1,1,4,109,15,0.013671875,-0.04052734375,1.02880859375,0.0,-0.06103515625,-0.06103515625,-362.74687374519584,20.433301783972926,217.64427581038035,1741601376.4498854
192,1,1,4,124,15,0.0048828125,-0.03466796875,1.0107421875,0.0,-0.1220703125,-0.1220703125,-356.7593787644123,29.41454425514828,219.1487222726683,1741601376.5768037
193,1,1,4,139,15,0.00927734375,-0.03857421875,1.033203125,0.1220703125,0.0,0.0,-364.2437474903918,29.41454425514828,223.66206165953213,1741601376.584985
194,1,1,4,154,15,0.01416015625,-0.0390625,1.01171875,-0.06103515625,0.06103515625,-0.06103515625,-364.2437474903918,21.930175529168814,216.1398293480924,1741601376.5931096
195,1,1,4,169,15,0.0087890625,-0.03662109375,1.0224609375,0.0,0.0,0.0,-352.2687575288246,30.911418000344167,220.65316873495624,1741601376.6011927
196,1,1,4,184,15,0.009765625,-0.029296875,1.0234375,0.0,0.0,-0.06103515625,-362.74687374519584,35.40203923593186,225.1665081218201,1741601376.6093369
197,1,1,4,199,15,0.0,-0.0361328125,1.0087890625,0.1220703125,0.0,-0.06103515625,-356.7593787644123,26.420796764756492,226.67095458410802,1741601376.6794207
198,1,1,4,214,15,0.01513671875,-0.0302734375,1.03271484375,0.0,0.0,0.0,-352.2687575288246,35.40203923593186,225.1665081218201,1741601376.6859226
199,1,1,4,229,15,0.01171875,-0.033203125,1.01611328125,0.0,-0.18310546875,0.0,-370.23124247117534,35.40203923593186,225.1665081218201,1741601376.692384
200,1,1,4,244,15,0.00830078125,-0.03564453125,1.01806640625,0.06103515625,0.0,0.0,-355.2625050192164,24.923923019560604,238.7065262824116,1741601376.6988735
201,1,1,4,259,15,0.0146484375,-0.0341796875,1.01025390625,0.0,0.244140625,0.0,-365.7406212355877,24.923923019560604,217.64427581038035,1741601376.7054968
202,1,1,4,274,15,0.01513671875,-0.03369140625,1.01953125,-0.1220703125,0.0,0.0,-361.24999999999994,26.420796764756492,219.1487222726683,1741601376.7119734
203,1,1,4,289,15,0.00244140625,-0.0380859375,1.03369140625,-0.06103515625,0.0,0.18310546875,-359.7531262548041,35.40203923593186,214.63538288580446,1741601376.7240472
204,1,1,4,304,15,0.01611328125,-0.0361328125,1.00927734375,0.1220703125,0.0,0.0,-352.2687575288246,24.923923019560604,217.64427581038035,1741601376.7305129
205,1,1,4,319,15,0.0107421875,-0.03662109375,1.01708984375,-0.06103515625,-0.1220703125,-0.06103515625,-364.2437474903918,26.420796764756492,219.1487222726683,1741601376.7370079
206,1,1,4,334,15,0.00927734375,-0.0283203125,1.02197265625,0.0,0.0,-0.1220703125,-361.24999999999994,21.930175529168814,226.67095458410802,1741601376.7434957
207,1,1,4,349,15,0.01513671875,-0.03125,1.0146484375,0.0,-0.244140625,0.0,-373.22498996156713,24.923923019560604,225.1665081218201,1741601376.7499475
208,1,1,4,364,15,0.01220703125,-0.04248046875,1.02734375,0.0,-0.18310546875,0.0,-370.23124247117534,27.91767050995239,204.10425764978882,1741601376.7564375
209,1,1,4,379,15,0.01904296875,-0.0361328125,1.01806640625,-0.1220703125,0.244140625,0.0,-353.7656312740205,26.420796764756492,216.1398293480924,1741601376.762929
210,1,1,4,394,15,0.00634765625,-0.0302734375,1.00927734375,0.0,0.1220703125,-0.06103515625,-359.7531262548041,30.911418000344167,220.65316873495624,1741601376.772577
211,1,1,4,409,15,0.0078125,-0.03271484375,1.01220703125,0.18310546875,-0.06103515625,0.06103515625,-362.74687374519584,30.911418000344167,214.63538288580446,1741601376.7793663
212,1,1,4,424,15,0.01220703125,-0.033203125,1.01806640625,0.06103515625,0.0,0.0,-379.2124849423507,21.930175529168814,226.67095458410802,1741601376.7858977
213,1,1,4,439,15,0.01416015625,-0.04248046875,1.01708984375,0.0,-0.06103515625,-0.06103515625,-371.72811621637123,26.420796764756492,223.66206165953213,1741601376.792363
214,1,1,4,454,15,0.00927734375,-0.03857421875,1.017578125,0.0,0.06103515625,0.0,-362.74687374519584,24.923923019560604,207.11315057436474,1741601376.7988477
215,1,1,4,469,15,0.013671875,-0.0390625,1.013671875,-0.06103515625,0.0,0.06103515625,-370.23124247117534,17.439554293581136,228.17540104639596,1741601376.8065934
216,1,1,4,484,15,0.0244140625,-0.041015625,1.01904296875,0.0,-0.06103515625,-0.06103515625,-379.2124849423507,8.458311822405784,226.67095458410802,1741601376.8137646
217,1,1,4,499,15,0.01708984375,-0.02978515625,1.017578125,-0.06103515625,0.0,0.0,-355.2625050192164,14.445806803189347,217.64427581038035,1741601376.820884
218,1,1,4,514,15,0.00537109375,-0.0302734375,1.02490234375,0.0,0.0,0.0,-368.7343687259795,26.420796764756492,226.67095458410802,1741601376.827644
219,1,1,4,529,15,-0.005859375,-0.03759765625,1.0146484375,0.0,-0.1220703125,0.0,-362.74687374519584,30.911418000344167,214.63538288580446,1741601376.8342426
220,1,1,4,544,15,0.00537109375,-0.03466796875,1.01708984375,0.18310546875,-0.06103515625,0.0,-361.24999999999994,29.41454425514828,213.13093642351652,1741601376.8504794
221,1,1,4,559,15,0.00341796875,-0.03662109375,1.025390625,-0.06103515625,-0.06103515625,0.0,-349.27501003843287,30.911418000344167,225.1665081218201,1741601376.8570116
222,1,1,4,574,15,0.0078125,-0.02880859375,1.0205078125,0.06103515625,-0.06103515625,0.0,-361.24999999999994,29.41454425514828,216.1398293480924,1741601376.8635035
223,1,1,4,589,15,0.00830078125,-0.03271484375,1.01171875,0.0,-0.06103515625,0.06103515625,-368.7343687259795,18.936428038777038,223.66206165953213,1741601376.8829823
224,1,1,4,604,15,0.01318359375,-0.03271484375,1.00830078125,-0.06103515625,-0.06103515625,-0.06103515625,-359.7531262548041,42.886407961911324,210.12204349894063,1741601376.889471
225,1,1,4,619,15,0.0146484375,-0.02978515625,1.02197265625,0.0,0.0,-0.1220703125,-359.7531262548041,38.395786726323635,220.65316873495624,1741601376.9067118
226,1,1,4,634,15,0.013671875,-0.03369140625,1.0283203125,0.06103515625,-0.06103515625,-0.06103515625,-349.27501003843287,20.433301783972926,210.12204349894063,1741601376.9132824
227,1,1,4,649,15,0.0185546875,-0.03955078125,1.01904296875,0.0,-0.06103515625,-0.06103515625,-368.7343687259795,26.420796764756492,229.67984750868393,1741601376.9197905
228,1,1,4,664,15,0.0166015625,-0.04296875,1.021484375,0.0,0.06103515625,0.0,-364.2437474903918,18.936428038777038,219.1487222726683,1741601376.926309
229,1,1,4,679,15,0.01513671875,-0.03466796875,1.017578125,-0.06103515625,-0.06103515625,0.0,-371.72811621637123,21.930175529168814,216.1398293480924,1741601376.9328692
230,1,1,4,694,15,0.01025390625,-0.03515625,1.03271484375,0.06103515625,0.0,0.0,-380.70935868754657,35.40203923593186,220.65316873495624,1741601376.9397168
231,1,1,4,709,15,0.01025390625,-0.0341796875,1.01171875,0.06103515625,0.06103515625,0.1220703125,-370.23124247117534,17.439554293581136,217.64427581038035,1741601376.946294
232,1,1,4,724,15,0.0078125,-0.03369140625,1.03369140625,0.0,0.06103515625,-0.06103515625,-370.23124247117534,20.433301783972926,217.64427581038035,1741601376.9528487
233,1,1,4,739,15,0.001953125,-0.0283203125,1.0087890625,0.0,0.1220703125,0.0,-359.7531262548041,35.40203923593186,228.17540104639596,1741601376.9593213
234,1,1,4,754,15,0.00048828125,-0.04248046875,1.02294921875,-0.06103515625,0.0,0.06103515625,-359.7531262548041,30.911418000344167,217.64427581038035,1741601376.9660187
235,1,1,4,769,15,-0.0048828125,-0.033203125,1.01513671875,0.0,0.0,0.0,-368.7343687259795,29.41454425514828,223.66206165953213,1741601376.9725301
236,1,1,4,784,15,0.009765625,-0.03564453125,1.0068359375,0.0,-0.06103515625,-0.1220703125,-365.7406212355877,27.91767050995239,217.64427581038035,1741601376.9790313
237,1,1,4,799,15,0.00927734375,-0.02880859375,1.01953125,0.1220703125,-0.06103515625,-0.06103515625,-364.2437474903918,18.936428038777038,219.1487222726683,1741601377.0020823
238,1,1,4,814,15,0.0009765625,-0.0283203125,1.017578125,0.30517578125,-0.06103515625,0.0,-362.74687374519584,20.433301783972926,220.65316873495624,1741601377.0090525
239,1,1,4,829,15,0.00732421875,-0.0263671875,1.02978515625,0.0,0.0,0.0,-355.2625050192164,24.923923019560604,225.1665081218201,1741601377.020722
240,1,1,4,844,15,0.0107421875,-0.03515625,1.02001953125,0.0,-0.06103515625,0.0,-373.22498996156713,30.911418000344167,220.65316873495624,1741601377.0272436
241,1,1,4,859,15,0.00634765625,-0.0361328125,1.02880859375,0.06103515625,-0.06103515625,0.06103515625,-343.2875150576493,29.41454425514828,208.61759703665268,1741601377.0337842
242,1,1,4,874,15,0.01806640625,-0.04052734375,1.02490234375,0.0,-0.06103515625,-0.18310546875,-352.2687575288246,24.923923019560604,217.64427581038035,1741601377.0402634
243,1,1,4,889,15,0.01611328125,-0.017578125,1.0087890625,0.0,0.0,-0.06103515625,-359.7531262548041,20.433301783972926,235.6976333578357,1741601377.0521133
244,1,1,4,904,15,0.021484375,-0.0302734375,1.0205078125,0.1220703125,-0.06103515625,0.06103515625,-374.72186370676303,44.38328170710721,219.1487222726683,1741601377.0587213
245,1,1,4,919,15,0.01708984375,-0.02880859375,1.0263671875,0.0,-0.1220703125,0.0,-373.22498996156713,38.395786726323635,225.1665081218201,1741601377.0652685
246,1,1,4,934,15,0.0146484375,-0.0478515625,1.0087890625,0.0,-0.06103515625,0.18310546875,-359.7531262548041,30.911418000344167,214.63538288580446,1741601377.071777
247,1,1,4,949,15,0.01611328125,-0.0390625,1.021484375,-0.06103515625,0.06103515625,0.0,-359.7531262548041,6.961438077209882,231.18429397097185,1741601377.0782921
248,1,1,4,964,15,0.0185546875,-0.0478515625,1.02685546875,-0.1220703125,0.1220703125,0.06103515625,-356.7593787644123,36.898912981127744,213.13093642351652,1741601377.0848308
249,1,1,4,979,15,0.0166015625,-0.04052734375,1.03466796875,-0.1220703125,0.06103515625,0.1220703125,-368.7343687259795,26.420796764756492,223.66206165953213,1741601377.0913694
250,1,1,4,994,15,0.0146484375,-0.03173828125,1.0322265625,-0.06103515625,0.1220703125,0.0,-361.24999999999994,36.898912981127744,216.1398293480924,1741601377.0978866
251,1,1,5,9,15,-0.005859375,-0.01904296875,1.02587890625,0.06103515625,0.0,0.18310546875,-368.7343687259795,21.930175529168814,226.67095458410802,1741601377.1044314
252,1,1,5,24,15,0.005859375,-0.01904296875,1.01025390625,0.1220703125,0.1220703125,0.0,-377.71561119715483,30.911418000344167,228.17540104639596,1741601377.1116457
253,1,1,5,39,15,-0.005859375,-0.03369140625,1.033203125,0.0,0.0,-0.18310546875,-356.7593787644123,11.452059312797573,223.66206165953213,1741601377.1182523
254,1,1,5,54,15,0.0009765625,-0.0244140625,1.02099609375,-0.18310546875,-0.1220703125,-0.1220703125,-373.22498996156713,24.923923019560604,220.65316873495624,1741601377.1249342
255,1,1,5,69,15,0.00390625,-0.0361328125,1.01025390625,-0.06103515625,-0.1220703125,-0.06103515625,-371.72811621637123,36.898912981127744,213.13093642351652,1741601377.1314323
256,1,1,5,84,15,0.0009765625,-0.0439453125,1.02294921875,0.0,-0.18310546875,0.0,-353.7656312740205,36.898912981127744,223.66206165953213,1741601377.1975024
257,1,1,5,99,15,0.01904296875,-0.03271484375,1.02490234375,0.0,-0.1220703125,0.0,-370.23124247117534,24.923923019560604,228.17540104639596,1741601377.2044747
258,1,1,5,114,15,0.01806640625,-0.04833984375,1.03125,0.1220703125,0.0,0.0,-365.7406212355877,30.911418000344167,235.6976333578357,1741601377.21105
259,1,1,5,129,15,0.0205078125,-0.03076171875,1.0185546875,0.1220703125,-0.18310546875,0.06103515625,-371.72811621637123,36.898912981127744,219.1487222726683,1741601377.2177935
260,1,1,5,144,15,0.01953125,-0.04541015625,1.01904296875,0.0,-0.06103515625,0.0,-380.70935868754657,35.40203923593186,220.65316873495624,1741601377.2244213
261,1,1,5,159,15,0.01953125,-0.0380859375,1.01806640625,-0.06103515625,-0.1220703125,0.0,-361.24999999999994,18.936428038777038,226.67095458410802,1741601377.2309935
262,1,1,5,174,15,0.0302734375,-0.04150390625,1.017578125,0.18310546875,0.0,0.06103515625,-352.2687575288246,35.40203923593186,225.1665081218201,1741601377.2375283
263,1,1,5,189,15,0.0234375,-0.037109375,1.017578125,0.18310546875,0.06103515625,0.0,-368.7343687259795,36.898912981127744,226.67095458410802,1741601377.2440674
264,1,1,5,204,15,0.01806640625,-0.03564453125,1.02392578125,0.06103515625,0.18310546875,-0.1220703125,-373.22498996156713,35.40203923593186,207.11315057436474,1741601378.3249767
265,1,1,5,219,15,0.01123046875,-0.04150390625,1.02978515625,0.0,0.18310546875,-0.06103515625,-379.2124849423507,33.90516549073595,219.1487222726683,1741601378.3929868
266,1,1,5,234,15,0.0107421875,-0.03564453125,1.01708984375,0.1220703125,0.06103515625,-0.1220703125,-374.72186370676303,21.930175529168814,237.20207982012366,1741601378.4725683
267,1,1,5,249,15,0.00439453125,-0.02587890625,1.033203125,0.18310546875,-0.18310546875,0.06103515625,-374.72186370676303,29.41454425514828,232.6887404332598,1741601378.4791136
268,1,1,5,264,15,0.00634765625,-0.0244140625,1.02392578125,0.0,0.0,0.0,-353.7656312740205,26.420796764756492,208.61759703665268,1741601378.4856274
269,1,1,5,279,15,-0.00244140625,-0.0439453125,1.01025390625,-0.06103515625,0.0,0.0,-374.72186370676303,26.420796764756492,219.1487222726683,1741601378.4921124
270,1,1,5,294,15,0.0087890625,-0.0263671875,1.00732421875,0.06103515625,-0.18310546875,0.0,-362.74687374519584,30.911418000344167,220.65316873495624,1741601378.533104
271,1,1,5,309,15,0.0068359375,-0.0234375,1.01806640625,0.1220703125,0.0,0.1220703125,-359.7531262548041,14.445806803189347,220.65316873495624,1741601378.53959
272,1,1,5,324,15,0.00439453125,-0.03076171875,1.03466796875,0.0,0.0,0.0,-371.72811621637123,33.90516549073595,229.67984750868393,1741601378.5460963
273,1,1,5,339,15,0.01025390625,-0.029296875,1.025390625,0.0,0.0,0.06103515625,-370.23124247117534,24.923923019560604,225.1665081218201,1741601378.5526223
274,1,1,5,354,15,0.01953125,-0.0498046875,1.02001953125,0.06103515625,0.0,0.0,-365.7406212355877,24.923923019560604,204.10425764978882,1741601378.559099
275,1,1,5,369,15,0.013671875,-0.03662109375,1.02197265625,0.0,-0.1220703125,-0.1220703125,-361.24999999999994,36.898912981127744,223.66206165953213,1741601378.5656028
276,1,1,5,384,15,0.01708984375,-0.037109375,1.02490234375,0.06103515625,0.0,0.06103515625,-368.7343687259795,18.936428038777038,226.67095458410802,1741601378.5720763
277,1,1,5,399,15,0.01025390625,-0.037109375,1.015625,-0.1220703125,0.0,-0.06103515625,-365.7406212355877,35.40203923593186,217.64427581038035,1741601378.5787866
278,1,1,5,414,15,0.0078125,-0.0302734375,1.025390625,0.0,-0.06103515625,0.0,-364.2437474903918,29.41454425514828,219.1487222726683,1741601378.5853465
279,1,1,5,429,15,0.02099609375,-0.044921875,1.02294921875,-0.06103515625,0.0,0.0,-362.74687374519584,38.395786726323635,225.1665081218201,1741601378.591836
280,1,1,5,444,15,0.0078125,-0.04833984375,1.021484375,0.0,0.0,-0.06103515625,-368.7343687259795,33.90516549073595,226.67095458410802,1741601378.5983438
281,1,1,5,459,15,0.00927734375,-0.02587890625,1.03271484375,0.1220703125,0.0,0.0,-379.2124849423507,26.420796764756492,226.67095458410802,1741601378.605011
282,1,1,5,474,15,0.0087890625,-0.03125,1.02880859375,-0.06103515625,0.1220703125,0.0,-362.74687374519584,30.911418000344167,225.1665081218201,1741601378.61151
283,1,1,5,489,15,-0.00537109375,-0.02001953125,1.015625,-0.1220703125,0.06103515625,0.0,-371.72811621637123,26.420796764756492,208.61759703665268,1741601378.6180375
284,1,1,5,504,15,0.0029296875,-0.03955078125,1.02197265625,0.0,0.0,0.0,-368.7343687259795,39.892660471519534,216.1398293480924,1741601378.6245308
285,1,1,5,519,15,0.0166015625,-0.03466796875,1.02197265625,0.0,-0.1220703125,0.1220703125,-356.7593787644123,21.930175529168814,223.66206165953213,1741601378.6310089
286,1,1,5,534,15,0.00146484375,-0.03955078125,1.0302734375,0.0,0.0,-0.06103515625,-359.7531262548041,38.395786726323635,231.18429397097185,1741601378.6930099
287,1,1,5,549,15,0.02294921875,-0.04052734375,1.02197265625,-0.18310546875,-0.244140625,0.0,-364.2437474903918,33.90516549073595,240.21097274469955,1741601378.6996279
288,1,1,5,564,15,0.00439453125,-0.03857421875,1.01953125,0.06103515625,-0.06103515625,0.1220703125,-368.7343687259795,39.892660471519534,216.1398293480924,1741601378.7062092
289,1,1,5,579,15,0.01220703125,-0.03271484375,1.01220703125,0.18310546875,-0.1220703125,-0.06103515625,-364.2437474903918,18.936428038777038,232.6887404332598,1741601378.7127354
290,1,1,5,594,15,0.0166015625,-0.02734375,1.00146484375,0.30517578125,-0.1220703125,-0.06103515625,-379.2124849423507,33.90516549073595,223.66206165953213,1741601378.71923
291,1,1,5,609,15,0.00927734375,-0.0380859375,1.01416015625,0.244140625,-0.18310546875,0.0,-368.7343687259795,26.420796764756492,226.67095458410802,1741601378.7257457
292,1,1,5,624,15,0.00537109375,-0.03759765625,1.0205078125,0.30517578125,-0.1220703125,-0.06103515625,-371.72811621637123,26.420796764756492,223.66206165953213,1741601378.7322454
293,1,1,5,639,15,0.013671875,-0.037109375,1.017578125,0.3662109375,-0.244140625,0.0,-355.2625050192164,24.923923019560604,204.10425764978882,1741601378.7387674
294,1,1,5,654,15,0.01171875,-0.041015625,1.01806640625,0.18310546875,-0.244140625,-0.1220703125,-371.72811621637123,36.898912981127744,232.6887404332598,1741601378.7506397
295,1,1,5,669,15,0.013671875,-0.04296875,1.02734375,0.244140625,-0.244140625,0.06103515625,-371.72811621637123,36.898912981127744,219.1487222726683,1741601378.7571888
296,1,1,5,684,15,0.0166015625,-0.03515625,1.03125,0.18310546875,-0.18310546875,-0.18310546875,-368.7343687259795,21.930175529168814,226.67095458410802,1741601378.763699
297,1,1,5,699,15,0.01708984375,-0.04296875,1.01171875,0.244140625,-0.1220703125,-0.06103515625,-364.2437474903918,33.90516549073595,226.67095458410802,1741601378.770171
298,1,1,5,714,15,0.01025390625,-0.03564453125,1.03173828125,0.0,0.0,0.1220703125,-364.2437474903918,29.41454425514828,229.67984750868393,1741601378.7981617
299,1,1,5,729,15,0.0048828125,-0.0361328125,1.013671875,0.0,0.06103515625,0.0,-365.7406212355877,35.40203923593186,220.65316873495624,1741601378.804935
300,1,1,5,744,15,0.00244140625,-0.02685546875,1.01904296875,0.06103515625,0.0,0.0,-377.71561119715483,27.91767050995239,220.65316873495624,1741601378.8114207
301,1,1,5,759,15,0.0107421875,-0.0234375,1.02294921875,0.1220703125,0.0,0.1220703125,-365.7406212355877,20.433301783972926,235.6976333578357,1741601378.817936
302,1,1,5,774,15,0.0234375,-0.02783203125,1.0126953125,0.0,-0.18310546875,-0.18310546875,-361.24999999999994,21.930175529168814,232.6887404332598,1741601378.824442
303,1,1,5,789,15,0.00927734375,-0.0302734375,1.02392578125,0.0,-0.06103515625,-0.18310546875,-355.2625050192164,17.439554293581136,235.6976333578357,1741601378.8313274
304,1,1,5,804,15,0.0048828125,-0.03759765625,1.0107421875,0.0,0.0,0.0,-352.2687575288246,30.911418000344167,220.65316873495624,1741601378.837901
305,1,1,5,819,15,0.0029296875,-0.03564453125,1.03271484375,0.06103515625,-0.244140625,0.0,-365.7406212355877,14.445806803189347,220.65316873495624,1741601378.8444116
306,1,1,5,834,15,0.0126953125,-0.0283203125,1.02880859375,-0.06103515625,-0.1220703125,0.06103515625,-365.7406212355877,27.91767050995239,228.17540104639596,1741601378.8511791
307,1,1,5,849,15,0.0126953125,-0.02685546875,1.025390625,0.0,0.06103515625,-0.244140625,-355.2625050192164,24.923923019560604,217.64427581038035,1741601378.857794
308,1,1,5,864,15,0.0107421875,-0.0244140625,1.0322265625,0.0,0.0,0.0,-364.2437474903918,15.94268054838525,216.1398293480924,1741601378.8643467
309,1,1,5,879,15,0.021484375,-0.02783203125,1.025390625,0.0,0.0,-0.06103515625,-355.2625050192164,38.395786726323635,207.11315057436474,1741601378.8708153
310,1,1,5,894,15,0.01416015625,-0.04150390625,1.02880859375,0.0,0.0,-0.06103515625,-364.2437474903918,26.420796764756492,226.67095458410802,1741601378.8773217
311,1,1,5,909,15,0.001953125,-0.0439453125,1.017578125,0.06103515625,-0.18310546875,0.06103515625,-368.7343687259795,18.936428038777038,226.67095458410802,1741601378.8838294
312,1,1,5,924,15,0.01611328125,-0.03759765625,1.013671875,-0.1220703125,0.06103515625,0.0,-359.7531262548041,38.395786726323635,214.63538288580446,1741601378.8903737
313,1,1,5,939,15,0.0244140625,-0.03466796875,1.009765625,-0.30517578125,0.18310546875,0.1220703125,-356.7593787644123,29.41454425514828,229.67984750868393,1741601378.9021063
314,1,1,5,954,15,0.01611328125,-0.02392578125,1.02880859375,-0.30517578125,0.06103515625,0.0,-362.74687374519584,27.91767050995239,220.65316873495624,1741601378.9088154
315,1,1,5,969,15,0.0185546875,-0.02490234375,1.01806640625,0.18310546875,0.1220703125,0.0,-374.72186370676303,39.892660471519534,226.67095458410802,1741601378.9153552
316,1,1,5,984,15,0.00830078125,-0.03125,0.99951171875,0.0,0.0,-0.06103515625,-370.23124247117534,24.923923019560604,231.18429397097185,1741601379.4480238
317,1,1,5,999,15,0.0087890625,-0.03857421875,1.02392578125,0.06103515625,0.0,-0.1220703125,-356.7593787644123,29.41454425514828,223.66206165953213,1741601379.4546356
318,1,1,6,14,15,0.01220703125,-0.0439453125,1.01171875,0.0,0.06103515625,-0.06103515625,-370.23124247117534,27.91767050995239,217.64427581038035,1741601379.461096
319,1,1,6,29,15,0.00439453125,-0.02734375,1.02587890625,-0.06103515625,0.06103515625,-0.06103515625,-365.7406212355877,35.40203923593186,210.12204349894063,1741601379.4675934
320,1,1,6,44,15,0.00634765625,-0.03173828125,1.0126953125,-0.06103515625,0.1220703125,0.0,-370.23124247117534,27.91767050995239,210.12204349894063,1741601379.4741256
321,1,1,6,59,15,0.0087890625,-0.03564453125,1.0205078125,-0.18310546875,0.1220703125,0.0,-377.71561119715483,30.911418000344167,220.65316873495624,1741601379.5030959
322,1,1,6,74,15,0.00146484375,-0.0263671875,1.02294921875,-0.18310546875,0.1220703125,0.1220703125,-371.72811621637123,26.420796764756492,216.1398293480924,1741601379.509856
323,1,1,6,89,15,0.0048828125,-0.02978515625,1.02294921875,-0.18310546875,0.0,0.0,-365.7406212355877,24.923923019560604,228.17540104639596,1741601379.516388
324,1,1,6,104,15,0.02099609375,-0.04248046875,1.03125,0.0,-0.06103515625,0.0,-365.7406212355877,27.91767050995239,228.17540104639596,1741601379.527984
325,1,1,6,119,15,0.01123046875,-0.03564453125,1.01220703125,0.06103515625,-0.06103515625,0.0,-370.23124247117534,20.433301783972926,214.63538288580446,1741601379.534487
326,1,1,6,134,15,0.013671875,-0.04052734375,1.017578125,0.0,0.1220703125,-0.1220703125,-373.22498996156713,27.91767050995239,235.6976333578357,1741601379.5409522
327,1,1,6,149,15,0.03076171875,-0.0302734375,1.0224609375,-0.06103515625,0.06103515625,0.0,-355.2625050192164,30.911418000344167,214.63538288580446,1741601379.6662204
328,1,1,6,164,15,0.013671875,-0.02880859375,1.01904296875,-0.30517578125,0.0,-0.1220703125,-361.24999999999994,26.420796764756492,223.66206165953213,1741601379.6727483
329,1,1,6,179,15,0.01318359375,-0.02880859375,1.0263671875,0.0,0.06103515625,0.0,-361.24999999999994,18.936428038777038,219.1487222726683,1741601379.6792364
330,1,1,6,194,15,0.0068359375,-0.04248046875,1.02392578125,0.0,0.06103515625,0.0,-364.2437474903918,26.420796764756492,226.67095458410802,1741601379.6857178
331,1,1,6,209,15,-0.00341796875,-0.03662109375,1.0146484375,0.0,0.06103515625,-0.06103515625,-353.7656312740205,44.38328170710721,226.67095458410802,1741601379.6921828
332,1,1,6,224,15,0.01220703125,-0.033203125,1.02294921875,-0.1220703125,0.0,0.06103515625,-356.7593787644123,26.420796764756492,226.67095458410802,1741601379.698705
333,1,1,6,239,15,0.0048828125,-0.02978515625,1.01708984375,0.0,-0.18310546875,-0.1220703125,-368.7343687259795,21.930175529168814,223.66206165953213,1741601379.7055717
334,1,1,6,254,15,0.01708984375,-0.03173828125,1.02685546875,-0.06103515625,0.06103515625,-0.06103515625,-364.2437474903918,21.930175529168814,223.66206165953213,1741601379.7121234
335,1,1,6,269,15,0.01171875,-0.0283203125,1.03076171875,0.06103515625,0.0,-0.06103515625,-365.7406212355877,17.439554293581136,225.1665081218201,1741601379.7186615
336,1,1,6,284,15,0.01318359375,-0.03955078125,1.0087890625,0.0,-0.06103515625,-0.18310546875,-368.7343687259795,29.41454425514828,229.67984750868393,1741601379.7251875
337,1,1,6,299,15,0.0107421875,-0.03466796875,1.00830078125,0.0,0.0,-0.06103515625,-365.7406212355877,20.433301783972926,225.1665081218201,1741601379.731668
338,1,1,6,314,15,0.009765625,-0.03369140625,1.02001953125,0.1220703125,0.0,0.0,-370.23124247117534,42.886407961911324,228.17540104639596,1741601379.7381713
339,1,1,6,329,15,0.005859375,-0.03173828125,1.0322265625,-0.06103515625,-0.1220703125,0.1220703125,-365.7406212355877,20.433301783972926,210.12204349894063,1741601379.7446785
340,1,1,6,344,15,0.01513671875,-0.03125,1.01220703125,0.0,0.06103515625,-0.1220703125,-340.29376756725753,29.41454425514828,216.1398293480924,1741601379.7511592
341,1,1,6,359,15,0.00390625,-0.03466796875,1.02001953125,0.0,-0.06103515625,0.06103515625,-379.2124849423507,36.898912981127744,229.67984750868393,1741601379.7858498
342,1,1,6,374,15,0.00732421875,-0.03662109375,1.01171875,0.06103515625,0.0,-0.06103515625,-362.74687374519584,35.40203923593186,210.12204349894063,1741601379.7923365
343,1,1,6,389,15,0.0068359375,-0.03759765625,1.02001953125,0.0,0.1220703125,-0.06103515625,-356.7593787644123,33.90516549073595,229.67984750868393,1741601379.7988431
344,1,1,6,404,15,0.005859375,-0.03173828125,1.01611328125,0.0,0.0,-0.06103515625,-362.74687374519584,20.433301783972926,217.64427581038035,1741601379.8054595
345,1,1,6,419,15,0.00244140625,-0.025390625,1.02001953125,0.06103515625,0.0,0.0,-377.71561119715483,42.886407961911324,231.18429397097185,1741601379.8119385
346,1,1,6,434,15,0.01513671875,-0.0341796875,1.01123046875,0.06103515625,0.0,0.0,-368.7343687259795,18.936428038777038,226.67095458410802,1741601379.8185837
347,1,1,6,449,15,0.01318359375,-0.03173828125,1.01416015625,-0.1220703125,-0.1220703125,0.06103515625,-371.72811621637123,36.898912981127744,219.1487222726683,1741601379.8251646
348,1,1,6,464,15,0.01611328125,-0.03076171875,1.0205078125,0.0,0.0,0.0,-359.7531262548041,24.923923019560604,228.17540104639596,1741601379.8316214
349,1,1,6,479,15,0.02294921875,-0.03369140625,1.00830078125,0.0,0.0,0.0,-362.74687374519584,30.911418000344167,220.65316873495624,1741601379.8381107
350,1,1,6,494,15,0.0107421875,-0.03076171875,1.01953125,0.0,-0.1220703125,0.06103515625,-371.72811621637123,44.38328170710721,229.67984750868393,1741601379.8765678
351,1,1,6,509,15,0.0068359375,-0.033203125,1.0146484375,0.0,-0.1220703125,0.0,-370.23124247117534,24.923923019560604,207.11315057436474,1741601379.8831995
352,1,1,6,524,15,0.01513671875,-0.029296875,1.015625,0.0,0.0,0.0,-377.71561119715483,27.91767050995239,220.65316873495624,1741601379.889669
353,1,1,6,539,15,0.00634765625,-0.03125,1.02392578125,0.1220703125,-0.1220703125,-0.06103515625,-368.7343687259795,39.892660471519534,219.1487222726683,1741601379.8961577
354,1,1,6,554,15,0.0166015625,-0.02880859375,1.0205078125,0.0,0.0,0.1220703125,-361.24999999999994,47.377029197499,219.1487222726683,1741601379.9026303
355,1,1,6,569,15,0.01171875,-0.0341796875,1.01416015625,0.0,0.06103515625,-0.06103515625,-373.22498996156713,42.886407961911324,228.17540104639596,1741601379.90921
356,1,1,6,584,15,0.01806640625,-0.02587890625,1.0185546875,-0.06103515625,0.1220703125,0.0,-365.7406212355877,20.433301783972926,217.64427581038035,1741601379.915735
357,1,1,6,599,15,0.00390625,-0.033203125,1.0205078125,0.0,0.0,0.0,-352.2687575288246,45.8801554523031,231.18429397097185,1741601379.9222
358,1,1,6,614,15,0.001953125,-0.03515625,1.0205078125,0.1220703125,0.06103515625,0.06103515625,-361.24999999999994,33.90516549073595,229.67984750868393,1741601379.9289134
359,1,1,6,629,15,0.00732421875,-0.03173828125,1.0107421875,-0.06103515625,0.1220703125,-0.06103515625,-361.24999999999994,36.898912981127744,229.67984750868393,1741601379.9354289
360,1,1,6,644,15,-0.0009765625,-0.03466796875,1.01220703125,0.0,-0.06103515625,0.0,-370.23124247117534,17.439554293581136,214.63538288580446,1741601379.9418797
361,1,1,6,659,15,0.02001953125,-0.03271484375,1.0126953125,0.18310546875,-0.18310546875,-0.06103515625,-361.24999999999994,29.41454425514828,216.1398293480924,1741601379.9483678
362,1,1,6,674,15,0.0087890625,-0.03564453125,1.0224609375,-0.1220703125,0.0,0.0,-362.74687374519584,24.923923019560604,217.64427581038035,1741601379.9548657
363,1,1,6,689,15,0.0166015625,-0.03564453125,1.0185546875,0.06103515625,0.06103515625,0.0,-362.74687374519584,35.40203923593186,228.17540104639596,1741601379.9613307
364,1,1,6,704,15,0.00927734375,-0.0419921875,1.01611328125,0.06103515625,0.1220703125,-0.3662109375,-377.71561119715483,20.433301783972926,228.17540104639596,1741601379.9730105
365,1,1,6,719,15,0.00439453125,-0.03759765625,1.01611328125,0.18310546875,-0.1220703125,-0.06103515625,-361.24999999999994,21.930175529168814,223.66206165953213,1741601379.985868
366,1,1,6,734,15,0.01025390625,-0.0361328125,1.0234375,0.1220703125,-0.18310546875,0.0,-359.7531262548041,20.433301783972926,225.1665081218201,1741601379.992339
367,1,1,6,749,15,0.02001953125,-0.03955078125,1.005859375,0.0,0.06103515625,0.0,-361.24999999999994,26.420796764756492,219.1487222726683,1741601380.004002
368,1,1,6,764,15,0.0146484375,-0.03759765625,1.00927734375,0.18310546875,-0.06103515625,-0.06103515625,-374.72186370676303,26.420796764756492,223.66206165953213,1741601380.0105898
369,1,1,6,779,15,0.001953125,-0.03271484375,1.02978515625,-0.1220703125,0.0,0.0,-365.7406212355877,35.40203923593186,228.17540104639596,1741601380.0170956
370,1,1,6,794,15,0.0185546875,-0.03369140625,1.00830078125,0.1220703125,-0.06103515625,0.0,-380.70935868754657,24.923923019560604,225.1665081218201,1741601380.023717
371,1,1,6,809,15,0.00146484375,-0.0302734375,1.01708984375,0.06103515625,0.0,-0.1220703125,-364.2437474903918,26.420796764756492,243.21986566927544,1741601380.0303333
372,1,1,6,824,15,0.005859375,-0.02685546875,1.01220703125,0.06103515625,-0.06103515625,-0.06103515625,-364.2437474903918,29.41454425514828,232.6887404332598,1741601380.057794
373,1,1,6,839,15,0.00146484375,-0.03759765625,1.0078125,0.0,0.1220703125,0.0,-368.7343687259795,29.41454425514828,223.66206165953213,1741601380.0643003
374,1,1,6,854,15,0.0126953125,-0.03173828125,1.0234375,0.0,-0.06103515625,0.1220703125,-355.2625050192164,20.433301783972926,217.64427581038035,1741601380.070761
375,1,1,6,869,15,0.01611328125,-0.029296875,1.013671875,0.0,0.0,-0.18310546875,-364.2437474903918,36.898912981127744,223.66206165953213,1741601380.1151688
376,1,1,6,884,15,0.0029296875,-0.0380859375,1.02001953125,0.0,-0.06103515625,-0.06103515625,-365.7406212355877,24.923923019560604,220.65316873495624,1741601380.121663
377,1,1,6,899,15,0.01318359375,-0.04052734375,1.03076171875,0.0,-0.1220703125,0.0,-365.7406212355877,24.923923019560604,220.65316873495624,1741601380.1281784
378,1,1,6,914,15,0.00927734375,-0.0361328125,1.015625,0.06103515625,-0.06103515625,-0.06103515625,-361.24999999999994,33.90516549073595,223.66206165953213,1741601380.1349206
379,1,1,6,929,15,0.01416015625,-0.04296875,1.01953125,0.0,-0.06103515625,0.0,-361.24999999999994,47.377029197499,232.6887404332598,1741601380.1415477
380,1,1,6,944,15,0.01611328125,-0.03955078125,1.015625,-0.06103515625,0.0,-0.06103515625,-365.7406212355877,53.364524178282565,214.63538288580446,1741601380.148343
381,1,1,6,959,15,0.01416015625,-0.03173828125,1.0224609375,-0.06103515625,0.0,-0.1220703125,-362.74687374519584,17.439554293581136,217.64427581038035,1741601380.154873
382,1,1,6,974,15,0.017578125,-0.03759765625,1.02197265625,0.06103515625,-0.1220703125,0.18310546875,-365.7406212355877,38.395786726323635,217.64427581038035,1741601380.1613545
383,1,1,6,989,15,0.01318359375,-0.044921875,1.01513671875,0.0,0.0,0.0,-379.2124849423507,21.930175529168814,208.61759703665268,1741601380.167835
384,1,1,7,4,15,0.01123046875,-0.0390625,1.0126953125,0.0,-0.1220703125,0.06103515625,-365.7406212355877,27.91767050995239,220.65316873495624,1741601380.1743536
385,1,1,7,19,15,0.0166015625,-0.04296875,1.00927734375,0.06103515625,0.0,0.0,-370.23124247117534,30.911418000344167,225.1665081218201,1741601380.1873274
386,1,1,7,34,15,0.01953125,-0.03369140625,1.01953125,0.06103515625,-0.18310546875,0.0,-370.23124247117534,17.439554293581136,217.64427581038035,1741601380.1939147
387,1,1,7,49,15,0.009765625,-0.03466796875,1.02001953125,0.06103515625,-0.06103515625,0.0,-353.7656312740205,15.94268054838525,229.67984750868393,1741601380.2003973
388,1,1,7,64,15,0.01171875,-0.03759765625,1.0146484375,0.06103515625,0.06103515625,-0.1220703125,-361.24999999999994,21.930175529168814,223.66206165953213,1741601380.207205
389,1,1,7,79,15,0.00927734375,-0.0302734375,1.0146484375,0.06103515625,0.06103515625,0.06103515625,-364.2437474903918,44.38328170710721,219.1487222726683,1741601380.2137284
390,1,1,7,94,15,0.0087890625,-0.02734375,1.0078125,0.0,0.0,0.1220703125,-359.7531262548041,30.911418000344167,220.65316873495624,1741601380.2201905
391,1,1,7,109,15,0.00732421875,-0.041015625,1.0126953125,0.0,0.1220703125,0.06103515625,-361.24999999999994,15.94268054838525,216.1398293480924,1741601380.2267241
392,1,1,7,124,15,0.00927734375,-0.02587890625,1.01953125,0.06103515625,0.0,0.0,-362.74687374519584,14.445806803189347,228.17540104639596,1741601380.2332342
393,1,1,7,139,15,0.01171875,-0.03662109375,1.01513671875,0.0,0.0,0.0,-364.2437474903918,26.420796764756492,223.66206165953213,1741601380.2396986
394,1,1,7,154,15,0.01416015625,-0.03173828125,1.015625,0.06103515625,-0.06103515625,0.0,-364.2437474903918,21.930175529168814,223.66206165953213,1741601380.2461982
395,1,1,7,169,15,0.01171875,-0.03662109375,1.02978515625,0.06103515625,-0.06103515625,-0.06103515625,-373.22498996156713,24.923923019560604,225.1665081218201,1741601380.3037798
396,1,1,7,184,15,0.00927734375,-0.041015625,1.02587890625,0.06103515625,0.0,0.0,-362.74687374519584,30.911418000344167,217.64427581038035,1741601380.3106382
397,1,1,7,199,15,0.01416015625,-0.03173828125,1.01708984375,0.06103515625,0.1220703125,-0.06103515625,-371.72811621637123,21.930175529168814,229.67984750868393,1741601380.31716
398,1,1,7,214,15,0.01416015625,-0.0439453125,1.03173828125,0.18310546875,-0.06103515625,-0.244140625,-368.7343687259795,29.41454425514828,219.1487222726683,1741601380.3236628
399,1,1,7,229,15,0.013671875,-0.03759765625,1.021484375,0.0,0.06103515625,-0.06103515625,-374.72186370676303,33.90516549073595,216.1398293480924,1741601380.3301327
400,1,1,7,244,15,0.01171875,-0.04150390625,1.0126953125,0.06103515625,0.0,0.0,-377.71561119715483,24.923923019560604,235.6976333578357,1741601380.3366363
401,1,1,7,259,15,0.0087890625,-0.03955078125,1.02490234375,0.06103515625,0.0,-0.06103515625,-356.7593787644123,26.420796764756492,216.1398293480924,1741601380.343405
402,1,1,7,274,15,0.0048828125,-0.0341796875,1.0224609375,0.06103515625,-0.1220703125,0.18310546875,-368.7343687259795,36.898912981127744,226.67095458410802,1741601380.3501406
403,1,1,7,289,15,0.01513671875,-0.0283203125,1.03076171875,0.0,-0.06103515625,0.0,-377.71561119715483,35.40203923593186,217.64427581038035,1741601380.3567266
404,1,1,7,304,15,0.01025390625,-0.02978515625,1.02197265625,0.244140625,0.06103515625,0.06103515625,-365.7406212355877,24.923923019560604,231.18429397097185,1741601380.3911781
405,1,1,7,319,15,0.0107421875,-0.02783203125,1.015625,-0.06103515625,-0.1220703125,-0.06103515625,-365.7406212355877,17.439554293581136,235.6976333578357,1741601380.397718
406,1,1,7,334,15,0.0068359375,-0.0341796875,1.03173828125,0.0,0.0,0.0,-371.72811621637123,26.420796764756492,226.67095458410802,1741601380.414909
407,1,1,7,349,15,0.0087890625,-0.03271484375,1.02294921875,0.1220703125,-0.18310546875,0.0,-370.23124247117534,30.911418000344167,225.1665081218201,1741601380.4213936
408,1,1,7,364,15,0.009765625,-0.04345703125,1.01708984375,0.0,-0.18310546875,0.0,-361.24999999999994,44.38328170710721,219.1487222726683,1741601380.4279253
409,1,1,7,379,15,0.013671875,-0.0166015625,1.01513671875,0.06103515625,-0.06103515625,0.0,-365.7406212355877,30.911418000344167,231.18429397097185,1741601380.4344301
410,1,1,7,394,15,0.0107421875,-0.0419921875,1.00830078125,0.06103515625,0.0,0.0,-371.72811621637123,18.936428038777038,240.21097274469955,1741601380.44089
411,1,1,7,409,15,0.0205078125,-0.0390625,1.02978515625,0.0,-0.1220703125,0.06103515625,-362.74687374519584,27.91767050995239,231.18429397097185,1741601380.4473803
412,1,1,7,424,15,0.00634765625,-0.04150390625,1.02783203125,0.06103515625,0.0,0.0,-364.2437474903918,33.90516549073595,216.1398293480924,1741601380.4538856
413,1,1,7,439,15,0.01171875,-0.0390625,1.02587890625,0.0,0.0,0.0,-370.23124247117534,45.8801554523031,217.64427581038035,1741601380.4604867
414,1,1,7,454,15,0.00244140625,-0.03369140625,1.02099609375,0.18310546875,0.0,-0.06103515625,-362.74687374519584,20.433301783972926,225.1665081218201,1741601380.467084
415,1,1,7,469,15,0.00390625,-0.033203125,1.01220703125,0.0,0.0,0.0,-370.23124247117534,30.911418000344167,235.6976333578357,1741601380.4837852
416,1,1,7,484,15,0.0087890625,-0.044921875,0.99951171875,0.18310546875,0.0,-0.1220703125,-373.22498996156713,30.911418000344167,225.1665081218201,1741601380.4902558
417,1,1,7,499,15,0.00341796875,-0.0458984375,1.0244140625,0.0,-0.06103515625,-0.1220703125,-368.7343687259795,44.38328170710721,232.6887404332598,1741601380.496762
418,1,1,7,514,15,0.0166015625,-0.03515625,1.0380859375,0.1220703125,0.0,0.0,-364.2437474903918,33.90516549073595,229.67984750868393,1741601380.508606
419,1,1,7,529,15,0.00927734375,-0.0283203125,1.01806640625,0.06103515625,0.0,0.0,-362.74687374519584,35.40203923593186,225.1665081218201,1741601380.5151408
420,1,1,7,544,15,0.00732421875,-0.03857421875,1.01513671875,0.18310546875,0.06103515625,0.0,-370.23124247117534,27.91767050995239,238.7065262824116,1741601380.5845847
421,1,1,7,559,15,0.01318359375,-0.04296875,1.02587890625,0.0,-0.06103515625,0.1220703125,-364.2437474903918,29.41454425514828,223.66206165953213,1741601380.5910788
422,1,1,7,574,15,0.01220703125,-0.01904296875,1.0146484375,-0.18310546875,-0.06103515625,0.0,-356.7593787644123,33.90516549073595,208.61759703665268,1741601380.5976062
423,1,1,7,589,15,0.01611328125,-0.03515625,1.02490234375,0.06103515625,0.0,0.0,-362.74687374519584,24.923923019560604,231.18429397097185,1741601380.6380289
424,1,1,7,604,15,0.00927734375,-0.0361328125,1.02099609375,0.0,0.0,-0.18310546875,-361.24999999999994,26.420796764756492,223.66206165953213,1741601380.644557
425,1,1,7,619,15,0.0126953125,-0.03515625,1.03515625,0.1220703125,-0.244140625,0.0,-362.74687374519584,24.923923019560604,217.64427581038035,1741601380.6510503
426,1,1,7,634,15,0.01708984375,-0.0361328125,1.03857421875,0.0,0.0,-0.06103515625,-359.7531262548041,27.91767050995239,214.63538288580446,1741601380.6575618
427,1,1,7,649,15,0.0185546875,-0.03564453125,1.0126953125,0.244140625,-0.06103515625,-0.06103515625,-371.72811621637123,29.41454425514828,232.6887404332598,1741601380.6640658
428,1,1,7,664,15,0.01318359375,-0.0390625,1.03515625,0.06103515625,0.06103515625,0.0,-362.74687374519584,27.91767050995239,217.64427581038035,1741601380.670534
429,1,1,7,679,15,0.01416015625,-0.0341796875,1.033203125,0.0,-0.06103515625,0.0,-370.23124247117534,30.911418000344167,217.64427581038035,1741601380.6772242
430,1,1,7,694,15,0.01220703125,-0.029296875,1.0205078125,-0.1220703125,-0.18310546875,-0.06103515625,-350.77188378362877,33.90516549073595,226.67095458410802,1741601380.6840277
431,1,1,7,709,15,0.00732421875,-0.03955078125,1.02099609375,0.06103515625,-0.06103515625,0.0,-355.2625050192164,35.40203923593186,228.17540104639596,1741601380.6905026
432,1,1,7,724,15,0.00390625,-0.0283203125,1.02734375,0.06103515625,-0.1220703125,-0.06103515625,-365.7406212355877,24.923923019560604,228.17540104639596,1741601380.6970015
433,1,1,7,739,15,0.0126953125,-0.03515625,1.0234375,0.0,0.0,-0.1220703125,-356.7593787644123,36.898912981127744,219.1487222726683,1741601380.70363
434,1,1,7,754,15,0.0087890625,-0.02783203125,1.01806640625,0.0,0.0,0.0,-365.7406212355877,27.91767050995239,220.65316873495624,1741601380.720817
435,1,1,7,769,15,0.00634765625,-0.037109375,1.01708984375,0.0,-0.06103515625,-0.06103515625,-362.74687374519584,45.8801554523031,210.12204349894063,1741601380.727342
436,1,1,7,784,15,0.00537109375,-0.03076171875,1.01904296875,-0.06103515625,-0.06103515625,-0.1220703125,-361.24999999999994,33.90516549073595,219.1487222726683,1741601380.7660496
437,1,1,7,799,15,0.001953125,-0.0341796875,1.01416015625,0.0,0.0,0.0,-373.22498996156713,20.433301783972926,228.17540104639596,1741601380.7725673
438,1,1,7,814,15,0.0107421875,-0.03125,1.01806640625,-0.244140625,-0.06103515625,0.0,-371.72811621637123,26.420796764756492,223.66206165953213,1741601380.779038
439,1,1,7,829,15,0.0126953125,-0.037109375,1.02587890625,0.0,-0.06103515625,0.0,-362.74687374519584,30.911418000344167,210.12204349894063,1741601380.785529
440,1,1,7,844,15,0.01025390625,-0.041015625,1.01708984375,-0.1220703125,-0.1220703125,0.0,-364.2437474903918,36.898912981127744,229.67984750868393,1741601380.7919908
441,1,1,7,859,15,0.01171875,-0.03759765625,1.03125,0.0,0.0,-0.06103515625,-362.74687374519584,20.433301783972926,225.1665081218201,1741601380.798475
442,1,1,7,874,15,0.02490234375,-0.0361328125,1.0146484375,0.06103515625,0.0,0.0,-353.7656312740205,33.90516549073595,226.67095458410802,1741601380.8050456
443,1,1,7,889,15,0.0107421875,-0.02734375,1.033203125,0.0,0.06103515625,-0.06103515625,-361.24999999999994,21.930175529168814,229.67984750868393,1741601380.8389466
444,1,1,7,904,15,0.009765625,-0.03173828125,1.02392578125,0.1220703125,0.0,0.1220703125,-364.2437474903918,36.898912981127744,226.67095458410802,1741601380.8456135
445,1,1,7,919,15,0.0068359375,-0.033203125,1.02099609375,0.06103515625,-0.1220703125,-0.06103515625,-373.22498996156713,27.91767050995239,225.1665081218201,1741601380.8520818
446,1,1,7,934,15,0.0146484375,-0.04052734375,1.02294921875,0.0,0.06103515625,-0.1220703125,-364.2437474903918,26.420796764756492,229.67984750868393,1741601380.8586025
447,1,1,7,949,15,0.00439453125,-0.037109375,1.0185546875,-0.1220703125,0.06103515625,0.06103515625,-365.7406212355877,27.91767050995239,217.64427581038035,1741601380.8650985
448,1,1,7,964,15,0.01123046875,-0.0390625,1.01611328125,0.06103515625,0.0,0.06103515625,-359.7531262548041,30.911418000344167,220.65316873495624,1741601380.8715603
449,1,1,7,979,15,0.01123046875,-0.03515625,1.0146484375,0.0,0.18310546875,0.0,-365.7406212355877,35.40203923593186,225.1665081218201,1741601380.9047055
450,1,1,7,994,15,0.01025390625,-0.0400390625,1.025390625,0.0,0.0,-0.18310546875,-371.72811621637123,36.898912981127744,223.66206165953213,1741601381.0220466
451,1,1,8,9,15,0.0205078125,-0.03662109375,1.01806640625,0.0,0.06103515625,0.0,-355.2625050192164,20.433301783972926,220.65316873495624,1741601381.0285618
452,1,1,8,24,15,0.0146484375,-0.04443359375,1.0078125,0.0,0.06103515625,0.0,-374.72186370676303,39.892660471519534,226.67095458410802,1741601381.0350566
453,1,1,8,39,15,0.01611328125,-0.03564453125,1.03759765625,0.1220703125,0.1220703125,-0.1220703125,-362.74687374519584,27.91767050995239,217.64427581038035,1741601381.0415199
454,1,1,8,54,15,0.005859375,-0.03857421875,1.02099609375,0.0,0.06103515625,-0.1220703125,-373.22498996156713,30.911418000344167,225.1665081218201,1741601381.0480137
455,1,1,8,69,15,-0.00537109375,-0.03662109375,1.01123046875,-0.06103515625,-0.06103515625,0.0,-365.7406212355877,17.439554293581136,231.18429397097185,1741601381.0545156
456,1,1,8,84,15,-0.00341796875,-0.0341796875,1.02001953125,0.1220703125,0.06103515625,-0.1220703125,-361.24999999999994,29.41454425514828,226.67095458410802,1741601381.0611782
457,1,1,8,99,15,0.009765625,-0.0234375,1.02001953125,0.0,0.1220703125,-0.1220703125,-356.7593787644123,29.41454425514828,208.61759703665268,1741601381.0678248
458,1,1,8,114,15,-0.0078125,-0.02587890625,1.0263671875,-0.1220703125,0.0,0.0,-359.7531262548041,30.911418000344167,214.63538288580446,1741601381.0743318
459,1,1,8,129,15,-0.00439453125,-0.03173828125,1.02392578125,0.06103515625,0.0,0.1220703125,-368.7343687259795,26.420796764756492,216.1398293480924,1741601381.0807896
460,1,1,8,144,15,0.00048828125,-0.03662109375,1.0224609375,0.0,-0.1220703125,0.0,-370.23124247117534,27.91767050995239,225.1665081218201,1741601381.087295
461,1,1,8,159,15,0.0087890625,-0.02490234375,1.0146484375,0.06103515625,0.0,0.0,-371.72811621637123,26.420796764756492,229.67984750868393,1741601381.0937943
462,1,1,8,174,15,0.01904296875,-0.037109375,1.0244140625,-0.06103515625,0.0,0.0,-368.7343687259795,15.94268054838525,229.67984750868393,1741601381.1002374
463,1,1,8,189,15,0.0078125,-0.0419921875,1.0400390625,0.0,-0.06103515625,0.06103515625,-346.28126254804107,29.41454425514828,229.67984750868393,1741601381.107007
464,1,1,8,204,15,0.02587890625,-0.04150390625,1.01904296875,0.0,0.0,0.06103515625,-374.72186370676303,33.90516549073595,226.67095458410802,1741601381.1135201
465,1,1,8,219,15,0.0146484375,-0.03955078125,1.009765625,0.0,0.0,0.0,-365.7406212355877,20.433301783972926,231.18429397097185,1741601381.1254318
466,1,1,8,234,15,0.0205078125,-0.0302734375,1.01806640625,0.0,0.1220703125,0.1220703125,-362.74687374519584,38.395786726323635,228.17540104639596,1741601381.1319604
467,1,1,8,249,15,0.02001953125,-0.0361328125,1.01171875,-0.06103515625,0.06103515625,0.1220703125,-362.74687374519584,27.91767050995239,228.17540104639596,1741601381.1384518
468,1,1,8,264,15,0.01904296875,-0.0419921875,1.0107421875,0.0,0.0,-0.18310546875,-373.22498996156713,24.923923019560604,231.18429397097185,1741601381.1449618
469,1,1,8,279,15,0.0224609375,-0.0341796875,1.01904296875,0.18310546875,-0.1220703125,-0.1220703125,-355.2625050192164,27.91767050995239,214.63538288580446,1741601381.1514425
470,1,1,8,294,15,0.00048828125,-0.03076171875,1.017578125,0.06103515625,-0.1220703125,0.0,-370.23124247117534,27.91767050995239,217.64427581038035,1741601381.1579294
471,1,1,8,309,15,0.021484375,-0.02880859375,0.99755859375,0.06103515625,0.0,0.0,-359.7531262548041,42.886407961911324,228.17540104639596,1741601381.277143
472,1,1,8,324,15,0.001953125,-0.0263671875,1.02001953125,0.0,-0.06103515625,-0.18310546875,-368.7343687259795,29.41454425514828,229.67984750868393,1741601381.2838054
473,1,1,8,339,15,0.0009765625,-0.0234375,1.0224609375,0.0,0.0,0.18310546875,-344.78438880284517,20.433301783972926,214.63538288580446,1741601381.290294
474,1,1,8,354,15,0.0107421875,-0.02392578125,1.015625,0.1220703125,0.0,-0.18310546875,-362.74687374519584,20.433301783972926,220.65316873495624,1741601381.3025095
475,1,1,8,369,15,0.0185546875,-0.0361328125,1.01171875,-0.06103515625,-0.06103515625,0.0,-356.7593787644123,36.898912981127744,208.61759703665268,1741601381.3093462
476,1,1,8,384,15,0.0087890625,-0.033203125,1.0126953125,0.0,-0.18310546875,0.0,-364.2437474903918,44.38328170710721,229.67984750868393,1741601381.3158798
477,1,1,8,399,15,0.01318359375,-0.033203125,1.009765625,0.0,0.0,0.0,-362.74687374519584,30.911418000344167,231.18429397097185,1741601381.322361
478,1,1,8,414,15,0.013671875,-0.0302734375,1.0107421875,0.0,-0.1220703125,0.0,-368.7343687259795,26.420796764756492,229.67984750868393,1741601381.3392563
479,1,1,8,429,15,0.00830078125,-0.033203125,1.03076171875,-0.1220703125,0.0,-0.1220703125,-374.72186370676303,26.420796764756492,223.66206165953213,1741601381.3457725
480,1,1,8,444,15,0.00732421875,-0.029296875,1.0263671875,0.0,0.0,-0.06103515625,-362.74687374519584,20.433301783972926,217.64427581038035,1741601381.3522384
481,1,1,8,459,15,0.02099609375,-0.03369140625,1.00927734375,0.0,0.1220703125,-0.06103515625,-368.7343687259795,39.892660471519534,216.1398293480924,1741601381.3590152
482,1,1,8,474,15,0.0078125,-0.0244140625,1.021484375,0.06103515625,-0.244140625,-0.1220703125,-371.72811621637123,36.898912981127744,226.67095458410802,1741601381.3655446
483,1,1,8,489,15,0.00830078125,-0.03662109375,1.021484375,0.0,-0.06103515625,0.0,-379.2124849423507,15.94268054838525,229.67984750868393,1741601381.3720276
484,1,1,8,504,15,0.0126953125,-0.0361328125,1.0224609375,0.0,-0.06103515625,0.0,-371.72811621637123,18.936428038777038,226.67095458410802,1741601381.378547
485,1,1,8,519,15,0.013671875,-0.03662109375,1.02880859375,0.0,-0.06103515625,-0.1220703125,-370.23124247117534,20.433301783972926,217.64427581038035,1741601381.3850522
486,1,1,8,534,15,0.005859375,-0.0380859375,1.02392578125,0.0,-0.06103515625,-0.06103515625,-365.7406212355877,38.395786726323635,225.1665081218201,1741601381.3972158
487,1,1,8,549,15,0.01416015625,-0.0380859375,1.02490234375,0.0,-0.06103515625,0.0,-350.77188378362877,29.41454425514828,229.67984750868393,1741601381.4038258
488,1,1,8,564,15,0.021484375,-0.03857421875,1.005859375,0.0,-0.06103515625,0.0,-361.24999999999994,33.90516549073595,219.1487222726683,1741601381.410785
489,1,1,8,579,15,0.01611328125,-0.03466796875,1.0126953125,0.0,0.06103515625,-0.1220703125,-373.22498996156713,27.91767050995239,228.17540104639596,1741601381.4173276
490,1,1,8,594,15,0.005859375,-0.0361328125,1.0302734375,0.06103515625,0.0,-0.06103515625,-365.7406212355877,42.886407961911324,231.18429397097185,1741601381.4238198
491,1,1,8,609,15,0.00830078125,-0.03515625,1.02587890625,0.0,0.1220703125,0.0,-364.2437474903918,26.420796764756492,229.67984750868393,1741601381.430283
492,1,1,8,624,15,0.01318359375,-0.02685546875,1.02294921875,0.06103515625,-0.1220703125,-0.18310546875,-368.7343687259795,36.898912981127744,232.6887404332598,1741601381.4431427
493,1,1,8,639,15,0.013671875,-0.033203125,1.02587890625,0.0,-0.06103515625,-0.1220703125,-380.70935868754657,38.395786726323635,220.65316873495624,1741601381.4496307
494,1,1,8,654,15,0.005859375,-0.0390625,1.01904296875,-0.06103515625,0.0,0.0,-364.2437474903918,15.94268054838525,229.67984750868393,1741601381.4561312
495,1,1,8,669,15,0.00927734375,-0.0341796875,1.01708984375,0.0,0.0,-0.18310546875,-380.70935868754657,35.40203923593186,231.18429397097185,1741601381.4628358
496,1,1,8,684,15,0.005859375,-0.03759765625,1.009765625,0.1220703125,-0.18310546875,0.0,-364.2437474903918,36.898912981127744,223.66206165953213,1741601381.472165
497,1,1,8,699,15,0.0126953125,-0.03662109375,1.0234375,0.0,0.0,0.0,-364.2437474903918,36.898912981127744,213.13093642351652,1741601381.4787385
498,1,1,8,714,15,0.009765625,-0.0263671875,1.02490234375,0.0,-0.1220703125,0.0,-362.74687374519584,45.8801554523031,210.12204349894063,1741601381.4852326
499,1,1,8,729,15,0.0146484375,-0.02880859375,1.01708984375,0.0,0.1220703125,0.0,-364.2437474903918,36.898912981127744,226.67095458410802,1741601381.4916956
500,1,1,8,744,15,0.01171875,-0.033203125,1.02392578125,0.06103515625,-0.1220703125,-0.1220703125,-377.71561119715483,35.40203923593186,220.65316873495624,1741601381.498183
501,1,1,8,759,15,0.0126953125,-0.03515625,1.01611328125,0.0,0.06103515625,0.06103515625,-368.7343687259795,26.420796764756492,223.66206165953213,1741601381.5639503
502,1,1,8,774,15,0.01513671875,-0.029296875,1.01025390625,0.0,0.0,-0.18310546875,-371.72811621637123,36.898912981127744,229.67984750868393,1741601381.570438
503,1,1,8,789,15,0.00732421875,-0.0380859375,1.03271484375,0.0,0.0,0.06103515625,-359.7531262548041,30.911418000344167,217.64427581038035,1741601381.5769556
504,1,1,8,804,15,0.0107421875,-0.03564453125,1.01708984375,0.1220703125,0.0,0.0,-365.7406212355877,35.40203923593186,225.1665081218201,1741601381.583489
505,1,1,8,819,15,0.01318359375,-0.0380859375,1.013671875,0.06103515625,0.0,0.244140625,-374.72186370676303,26.420796764756492,223.66206165953213,1741601381.5899816
506,1,1,8,834,15,-0.0009765625,-0.0361328125,1.0048828125,-0.18310546875,0.18310546875,0.0,-380.70935868754657,30.911418000344167,225.1665081218201,1741601381.596502
507,1,1,8,849,15,0.00927734375,-0.0380859375,1.00927734375,0.1220703125,0.0,0.0,-373.22498996156713,38.395786726323635,228.17540104639596,1741601381.6029959
508,1,1,8,864,15,0.013671875,-0.03271484375,1.015625,0.1220703125,0.06103515625,0.18310546875,-379.2124849423507,33.90516549073595,219.1487222726683,1741601381.6097941
509,1,1,8,879,15,0.0068359375,-0.03271484375,1.0263671875,0.0,-0.18310546875,-0.06103515625,-373.22498996156713,27.91767050995239,214.63538288580446,1741601381.6163337
510,1,1,8,894,15,0.00830078125,-0.04296875,1.02294921875,0.1220703125,0.06103515625,-0.06103515625,-379.2124849423507,21.930175529168814,229.67984750868393,1741601381.6228306
511,1,1,8,909,15,0.01171875,-0.046875,1.02392578125,0.1220703125,0.0,0.0,-379.2124849423507,36.898912981127744,226.67095458410802,1741601381.6292932
512,1,1,8,924,15,0.0146484375,-0.03955078125,1.0205078125,0.0,-0.06103515625,0.0,-368.7343687259795,33.90516549073595,223.66206165953213,1741601381.635801
513,1,1,8,939,15,0.00537109375,-0.0361328125,1.0087890625,0.06103515625,0.0,-0.06103515625,-370.23124247117534,42.886407961911324,231.18429397097185,1741601381.6423092
514,1,1,8,954,15,0.00341796875,-0.0341796875,1.017578125,0.0,0.0,0.0,-365.7406212355877,30.911418000344167,225.1665081218201,1741601381.6488364
515,1,1,8,969,15,0.0107421875,-0.0380859375,1.017578125,0.0,0.0,-0.06103515625,-350.77188378362877,26.420796764756492,229.67984750868393,1741601381.6553485
516,1,1,8,984,15,0.009765625,-0.0361328125,1.0263671875,0.0,-0.06103515625,-0.06103515625,-364.2437474903918,18.936428038777038,223.66206165953213,1741601381.6618268
517,1,1,8,999,15,0.0166015625,-0.044921875,1.029296875,0.0,-0.06103515625,0.0,-370.23124247117534,38.395786726323635,225.1665081218201,1741601381.66831
518,1,1,9,14,15,0.01904296875,-0.03662109375,1.029296875,0.0,0.06103515625,0.0,-368.7343687259795,26.420796764756492,226.67095458410802,1741601381.674803
519,1,1,9,29,15,0.00634765625,-0.044921875,1.01220703125,-0.06103515625,-0.06103515625,0.0,-356.7593787644123,39.892660471519534,216.1398293480924,1741601381.6812756
520,1,1,9,44,15,0.01025390625,-0.03857421875,1.02294921875,0.0,-0.1220703125,-0.06103515625,-371.72811621637123,29.41454425514828,229.67984750868393,1741601381.6877906
521,1,1,9,59,15,0.0107421875,-0.033203125,1.02587890625,0.06103515625,0.0,0.0,-365.7406212355877,20.433301783972926,238.7065262824116,1741601381.6942942
522,1,1,9,74,15,0.0126953125,-0.0400390625,1.0283203125,0.0,-0.1220703125,0.0,-364.2437474903918,29.41454425514828,229.67984750868393,1741601381.700802
523,1,1,9,89,15,0.01611328125,-0.033203125,1.03662109375,0.1220703125,-0.1220703125,-0.18310546875,-368.7343687259795,36.898912981127744,226.67095458410802,1741601381.7075405
524,1,1,9,104,15,0.0078125,-0.03125,1.0283203125,0.0,0.06103515625,-0.06103515625,-380.70935868754657,30.911418000344167,225.1665081218201,1741601381.714087
525,1,1,9,119,15,0.00927734375,-0.03466796875,1.02783203125,0.0,-0.06103515625,-0.06103515625,-382.20623243274247,33.90516549073595,226.67095458410802,1741601381.7205768
526,1,1,9,134,15,0.009765625,-0.0380859375,1.01123046875,0.1220703125,-0.1220703125,-0.1220703125,-374.72186370676303,15.94268054838525,219.1487222726683,1741601381.8291562
527,1,1,9,149,15,0.005859375,-0.0244140625,1.017578125,0.0,-0.18310546875,-0.1220703125,-365.7406212355877,30.911418000344167,214.63538288580446,1741601381.8356798
528,1,1,9,164,15,0.01513671875,-0.033203125,1.03369140625,0.0,-0.1220703125,0.18310546875,-361.24999999999994,33.90516549073595,232.6887404332598,1741601381.8421738
529,1,1,9,179,15,0.0078125,-0.02685546875,1.00830078125,0.0,0.0,0.0,-362.74687374519584,35.40203923593186,228.17540104639596,1741601381.8487356
530,1,1,9,194,15,0.0107421875,-0.03662109375,1.0234375,0.1220703125,0.0,-0.1220703125,-365.7406212355877,35.40203923593186,225.1665081218201,1741601381.8554695
531,1,1,9,209,15,0.009765625,-0.04248046875,1.03466796875,0.18310546875,0.1220703125,0.0,-371.72811621637123,44.38328170710721,202.59981118750088,1741601381.862168
532,1,1,9,224,15,0.0068359375,-0.03564453125,1.015625,0.0,-0.06103515625,-0.06103515625,-370.23124247117534,20.433301783972926,217.64427581038035,1741601381.8687153
533,1,1,9,239,15,0.0087890625,-0.04248046875,1.017578125,0.0,-0.18310546875,-0.1220703125,-364.2437474903918,29.41454425514828,229.67984750868393,1741601381.8752167
534,1,1,9,254,15,0.0029296875,-0.04296875,1.02880859375,-0.06103515625,-0.1220703125,0.06103515625,-379.2124849423507,33.90516549073595,216.1398293480924,1741601381.8816772
535,1,1,9,269,15,0.01806640625,-0.0390625,1.01806640625,0.0,0.0,0.0,-373.22498996156713,38.395786726323635,228.17540104639596,1741601381.8881583
536,1,1,9,284,15,0.01416015625,-0.03125,1.01904296875,0.0,0.18310546875,0.06103515625,-364.2437474903918,39.892660471519534,229.67984750868393,1741601381.8946412
537,1,1,9,299,15,0.0068359375,-0.037109375,1.0126953125,0.0,0.1220703125,0.0,-365.7406212355877,27.91767050995239,228.17540104639596,1741601381.9010944
538,1,1,9,314,15,0.0185546875,-0.03369140625,1.013671875,0.06103515625,0.0,0.0,-371.72811621637123,33.90516549073595,223.66206165953213,1741601381.907868
539,1,1,9,329,15,0.02099609375,-0.04248046875,1.029296875,0.18310546875,-0.1220703125,0.0,-364.2437474903918,21.930175529168814,226.67095458410802,1741601381.9146895
540,1,1,9,344,15,0.00634765625,-0.0361328125,1.0341796875,0.06103515625,0.06103515625,0.06103515625,-371.72811621637123,33.90516549073595,223.66206165953213,1741601381.9211652
541,1,1,9,359,15,0.0068359375,-0.03271484375,1.00341796875,0.0,0.0,0.0,-374.72186370676303,29.41454425514828,229.67984750868393,1741601381.982683
542,1,1,9,374,15,0.0146484375,-0.03515625,1.03466796875,-0.1220703125,0.06103515625,0.0,-379.2124849423507,29.41454425514828,226.67095458410802,1741601381.989188
543,1,1,9,389,15,0.00830078125,-0.0361328125,1.0185546875,0.06103515625,0.0,0.18310546875,-374.72186370676303,33.90516549073595,229.67984750868393,1741601381.9957054
544,1,1,9,404,15,0.00390625,-0.03857421875,1.0224609375,0.06103515625,-0.06103515625,0.1220703125,-371.72811621637123,36.898912981127744,219.1487222726683,1741601382.002186
545,1,1,9,419,15,0.0126953125,-0.02783203125,1.0107421875,0.06103515625,0.0,0.18310546875,-364.2437474903918,29.41454425514828,208.61759703665268,1741601382.008738
546,1,1,9,434,15,0.0126953125,-0.03466796875,1.00634765625,-0.06103515625,0.06103515625,0.0,-368.7343687259795,21.930175529168814,232.6887404332598,1741601382.0152462
547,1,1,9,449,15,0.0126953125,-0.02880859375,1.00830078125,0.0,0.06103515625,0.0,-356.7593787644123,18.936428038777038,223.66206165953213,1741601382.021717
548,1,1,9,464,15,0.01513671875,-0.03564453125,1.0126953125,0.06103515625,0.06103515625,-0.1220703125,-374.72186370676303,21.930175529168814,226.67095458410802,1741601382.0595057
549,1,1,9,479,15,0.01611328125,-0.02783203125,1.017578125,0.1220703125,-0.06103515625,0.06103515625,-371.72811621637123,15.94268054838525,226.67095458410802,1741601382.0660374
550,1,1,9,494,15,0.0224609375,-0.03271484375,1.005859375,0.0,0.0,0.0,-365.7406212355877,24.923923019560604,228.17540104639596,1741601382.072538
551,1,1,9,509,15,0.0107421875,-0.037109375,1.01953125,0.0,0.0,0.0,-364.2437474903918,29.41454425514828,219.1487222726683,1741601382.079017
552,1,1,9,524,15,0.0107421875,-0.0419921875,1.005859375,0.0,0.06103515625,-0.1220703125,-365.7406212355877,20.433301783972926,228.17540104639596,1741601382.0856225
553,1,1,9,539,15,0.0126953125,-0.03271484375,1.02001953125,0.0,-0.06103515625,0.0,-349.27501003843287,30.911418000344167,220.65316873495624,1741601382.107831
554,1,1,9,554,15,0.01904296875,-0.033203125,1.0263671875,0.0,0.0,-0.1220703125,-353.7656312740205,29.41454425514828,223.66206165953213,1741601382.1143942
555,1,1,9,569,15,0.00634765625,-0.03564453125,1.0283203125,0.0,-0.06103515625,0.0,-371.72811621637123,11.452059312797573,232.6887404332598,1741601382.1208704
556,1,1,9,584,15,0.00830078125,-0.02783203125,1.02099609375,0.0,-0.06103515625,0.0,-361.24999999999994,21.930175529168814,226.67095458410802,1741601382.1327412
557,1,1,9,599,15,0.00390625,-0.0400390625,1.0234375,0.06103515625,0.0,-0.18310546875,-355.2625050192164,24.923923019560604,220.65316873495624,1741601382.1395419
558,1,1,9,614,15,0.0205078125,-0.033203125,1.01611328125,0.0,0.0,-0.06103515625,-365.7406212355877,38.395786726323635,228.17540104639596,1741601382.146093
559,1,1,9,629,15,0.0068359375,-0.033203125,1.02099609375,-0.06103515625,0.0,0.0,-364.2437474903918,29.41454425514828,219.1487222726683,1741601382.1526089
560,1,1,9,644,15,0.009765625,-0.04345703125,1.02880859375,0.06103515625,-0.1220703125,-0.244140625,-371.72811621637123,26.420796764756492,237.20207982012366,1741601382.159104
561,1,1,9,659,15,0.0078125,-0.02099609375,1.0146484375,-0.06103515625,-0.06103515625,0.0,-356.7593787644123,21.930175529168814,237.20207982012366,1741601382.165622
562,1,1,9,674,15,0.0087890625,-0.03125,1.02001953125,0.0,-0.06103515625,0.1220703125,-361.24999999999994,36.898912981127744,219.1487222726683,1741601382.1722066
563,1,1,9,689,15,0.0146484375,-0.04052734375,1.0263671875,0.0,0.0,0.0,-373.22498996156713,20.433301783972926,231.18429397097185,1741601382.1787524
564,1,1,9,704,15,0.01708984375,-0.03564453125,1.01513671875,0.1220703125,-0.1220703125,0.0,-362.74687374519584,27.91767050995239,220.65316873495624,1741601382.1852784
565,1,1,9,719,15,0.0185546875,-0.03564453125,1.021484375,0.0,0.0,-0.1220703125,-370.23124247117534,27.91767050995239,228.17540104639596,1741601382.191767
566,1,1,9,734,15,0.01708984375,-0.03564453125,1.013671875,0.18310546875,-0.1220703125,-0.06103515625,-361.24999999999994,47.377029197499,216.1398293480924,1741601382.1983056
567,1,1,9,749,15,0.01953125,-0.0302734375,1.013671875,0.0,0.1220703125,0.0,-368.7343687259795,33.90516549073595,229.67984750868393,1741601382.204866
568,1,1,9,764,15,0.00927734375,-0.0400390625,1.0087890625,-0.06103515625,0.06103515625,0.0,-370.23124247117534,30.911418000344167,220.65316873495624,1741601382.211367
569,1,1,9,779,15,0.0087890625,-0.03662109375,1.0341796875,0.0,-0.06103515625,-0.1220703125,-365.7406212355877,27.91767050995239,220.65316873495624,1741601382.2179143
570,1,1,9,794,15,0.013671875,-0.04052734375,1.02587890625,-0.06103515625,0.06103515625,0.0,-371.72811621637123,33.90516549073595,216.1398293480924,1741601382.233558
571,1,1,9,809,15,0.0166015625,-0.04345703125,1.02099609375,0.0,0.0,-0.06103515625,-364.2437474903918,26.420796764756492,226.67095458410802,1741601382.2400885
572,1,1,9,824,15,0.01025390625,-0.03955078125,1.01025390625,0.1220703125,-0.06103515625,-0.06103515625,-362.74687374519584,17.439554293581136,238.7065262824116,1741601382.2466142
573,1,1,9,839,15,0.0107421875,-0.037109375,1.0185546875,0.06103515625,-0.1220703125,0.0,-373.22498996156713,24.923923019560604,235.6976333578357,1741601382.253133
574,1,1,9,854,15,0.0166015625,-0.0302734375,1.0185546875,0.244140625,0.0,0.0,-362.74687374519584,35.40203923593186,217.64427581038035,1741601382.259614
575,1,1,9,869,15,0.00537109375,-0.0361328125,1.02294921875,0.0,-0.1220703125,0.0,-370.23124247117534,38.395786726323635,225.1665081218201,1741601382.2661262
576,1,1,9,884,15,0.00927734375,-0.0361328125,1.02392578125,0.06103515625,-0.244140625,0.0,-368.7343687259795,29.41454425514828,226.67095458410802,1741601382.2726245
